{
  "case_id": "scrna_commitment_tier2p11_gastrulation_e75_purity_mixing",
  "expected_sign": 1,
  "coherence_threshold_rho": 0.2,
  "c1_name": "C_label_purity",
  "c2_name": "C_mixing",
  "n_windows": 17,
  "rho_across_windows": 0.502450980392157,
  "p_value_across_windows": 0.03983296762323776,
  "window_metric_note": "Window entries record per-window estimator values; coherence is assessed across windows.",
  "controllability_note": "Not an alarm case; FPR fields are not applicable.",
  "pass_gate": true,
  "verdict": "OK_PER_WINDOW",
  "windows": [
    {
      "window_id": 0,
      "n_cells": 17854,
      "t_min": 0.0,
      "t_max": 3.0,
      "c1": 0.5134423658563907,
      "c2": 0.8867648199875854,
      "valid": true
    },
    {
      "window_id": 1,
      "n_cells": 17853,
      "t_min": 2.0,
      "t_max": 3.0,
      "c1": 0.42978771074889377,
      "c2": 0.863231646457759,
      "valid": true
    },
    {
      "window_id": 2,
      "n_cells": 17853,
      "t_min": 2.0,
      "t_max": 4.0,
      "c1": 0.40273343415672436,
      "c2": 0.8409533778887189,
      "valid": true
    },
    {
      "window_id": 3,
      "n_cells": 17854,
      "t_min": 2.0,
      "t_max": 4.0,
      "c1": 0.3218886524028229,
      "c2": 0.8082706102168442,
      "valid": true
    },
    {
      "window_id": 4,
      "n_cells": 17853,
      "t_min": 3.0,
      "t_max": 5.0,
      "c1": 0.2322298773315409,
      "c2": 0.7739169964390411,
      "valid": true
    },
    {
      "window_id": 5,
      "n_cells": 17853,
      "t_min": 3.0,
      "t_max": 5.0,
      "c1": 0.13555144793592114,
      "c2": 0.7529198473282442,
      "valid": true
    },
    {
      "window_id": 6,
      "n_cells": 17854,
      "t_min": 4.0,
      "t_max": 6.0,
      "c1": 0.15279489190097456,
      "c2": 0.7542251789039716,
      "valid": true
    },
    {
      "window_id": 7,
      "n_cells": 17853,
      "t_min": 4.0,
      "t_max": 6.0,
      "c1": 0.13219066823503053,
      "c2": 0.7805934778499877,
      "valid": true
    },
    {
      "window_id": 8,
      "n_cells": 17853,
      "t_min": 5.0,
      "t_max": 6.0,
      "c1": 0.1281577325939618,
      "c2": 0.7854858686296874,
      "valid": true
    },
    {
      "window_id": 9,
      "n_cells": 17853,
      "t_min": 5.0,
      "t_max": 7.0,
      "c1": 0.11633899064582984,
      "c2": 0.7805840048712787,
      "valid": true
    },
    {
      "window_id": 10,
      "n_cells": 17854,
      "t_min": 6.0,
      "t_max": 7.0,
      "c1": 0.09639296516186849,
      "c2": 0.7812030031529622,
      "valid": true
    },
    {
      "window_id": 11,
      "n_cells": 17853,
      "t_min": 6.0,
      "t_max": 7.0,
      "c1": 0.08105080378647846,
      "c2": 0.7844941041968547,
      "valid": true
    },
    {
      "window_id": 12,
      "n_cells": 17853,
      "t_min": 6.0,
      "t_max": 7.0,
      "c1": 0.09964711813140649,
      "c2": 0.8106681548919804,
      "valid": true
    },
    {
      "window_id": 13,
      "n_cells": 17854,
      "t_min": 7.0,
      "t_max": 8.0,
      "c1": 0.13907247675590903,
      "c2": 0.8307418708471128,
      "valid": true
    },
    {
      "window_id": 14,
      "n_cells": 17853,
      "t_min": 7.0,
      "t_max": 8.0,
      "c1": 0.1529154763905226,
      "c2": 0.8629671900578728,
      "valid": true
    },
    {
      "window_id": 15,
      "n_cells": 17853,
      "t_min": 7.0,
      "t_max": 8.0,
      "c1": 0.15364364532571556,
      "c2": 0.8896310522136304,
      "valid": true
    },
    {
      "window_id": 16,
      "n_cells": 17854,
      "t_min": 7.0,
      "t_max": 8.0,
      "c1": 0.15525932564131287,
      "c2": 0.9025165112491275,
      "valid": true
    }
  ]
}