{
  "case_id": "scrna_commitment_tier2p11_endocrinogenesis_day15_purity",
  "expected_sign": 1,
  "coherence_threshold_rho": 0.2,
  "c1_name": "C_dim_collapse",
  "c2_name": "C_label_purity",
  "n_windows": 17,
  "rho_across_windows": 0.35294117647058826,
  "p_value_across_windows": 0.16465797331641727,
  "window_metric_note": "Window entries record per-window estimator values; coherence is assessed across windows.",
  "controllability_note": "Not an alarm case; FPR fields are not applicable.",
  "pass_gate": true,
  "verdict": "OK_PER_WINDOW",
  "windows": [
    {
      "window_id": 0,
      "n_cells": 740,
      "t_min": 0.0,
      "t_max": 0.046964067965745926,
      "c1": 0.08133784520383681,
      "c2": 0.5148648648648648,
      "valid": true
    },
    {
      "window_id": 1,
      "n_cells": 739,
      "t_min": 0.02647804282605648,
      "t_max": 0.05771521478891373,
      "c1": 0.08673153525652616,
      "c2": 0.42219215155615697,
      "valid": true
    },
    {
      "window_id": 2,
      "n_cells": 739,
      "t_min": 0.031712986528873444,
      "t_max": 0.07019145041704178,
      "c1": 0.0817587892683381,
      "c2": 0.3342354533152909,
      "valid": true
    },
    {
      "window_id": 3,
      "n_cells": 739,
      "t_min": 0.038469571620225906,
      "t_max": 0.08609016984701157,
      "c1": 0.08152101920993264,
      "c2": 0.37483085250338294,
      "valid": true
    },
    {
      "window_id": 4,
      "n_cells": 740,
      "t_min": 0.046964067965745926,
      "t_max": 0.10109707713127136,
      "c1": 0.10284765392303702,
      "c2": 0.39594594594594595,
      "valid": true
    },
    {
      "window_id": 5,
      "n_cells": 739,
      "t_min": 0.05775608867406845,
      "t_max": 0.12795695662498474,
      "c1": 0.11126650948915486,
      "c2": 0.38565629228687415,
      "valid": true
    },
    {
      "window_id": 6,
      "n_cells": 739,
      "t_min": 0.0702223852276802,
      "t_max": 0.1906355768442154,
      "c1": 0.10438283721167338,
      "c2": 0.4438430311231394,
      "valid": true
    },
    {
      "window_id": 7,
      "n_cells": 739,
      "t_min": 0.0861048772931099,
      "t_max": 0.28840258717536926,
      "c1": 0.1162863140745701,
      "c2": 0.38836265223274696,
      "valid": true
    },
    {
      "window_id": 8,
      "n_cells": 740,
      "t_min": 0.10109707713127136,
      "t_max": 0.3610301613807678,
      "c1": 0.11414243744915434,
      "c2": 0.4635135135135135,
      "valid": true
    },
    {
      "window_id": 9,
      "n_cells": 739,
      "t_min": 0.12796591222286224,
      "t_max": 0.5472686886787415,
      "c1": 0.06448680139962294,
      "c2": 0.7104194857916103,
      "valid": true
    },
    {
      "window_id": 10,
      "n_cells": 739,
      "t_min": 0.19097991287708282,
      "t_max": 0.7346031665802002,
      "c1": 0.1260957010552209,
      "c2": 0.8267929634641408,
      "valid": true
    },
    {
      "window_id": 11,
      "n_cells": 739,
      "t_min": 0.28844156861305237,
      "t_max": 0.802975594997406,
      "c1": 0.17613444748682508,
      "c2": 0.6481732070365359,
      "valid": true
    },
    {
      "window_id": 12,
      "n_cells": 740,
      "t_min": 0.3610301613807678,
      "t_max": 0.8447595834732056,
      "c1": 0.16382177632825792,
      "c2": 0.42567567567567566,
      "valid": true
    },
    {
      "window_id": 13,
      "n_cells": 739,
      "t_min": 0.5522972941398621,
      "t_max": 0.8723511099815369,
      "c1": 0.16792608402366666,
      "c2": 0.6278755074424899,
      "valid": true
    },
    {
      "window_id": 14,
      "n_cells": 739,
      "t_min": 0.7351254224777222,
      "t_max": 0.8968198895454407,
      "c1": 0.1740796997743063,
      "c2": 0.7658998646820027,
      "valid": true
    },
    {
      "window_id": 15,
      "n_cells": 739,
      "t_min": 0.8031123876571655,
      "t_max": 0.9214639663696289,
      "c1": 0.11966954640586612,
      "c2": 0.7889039242219216,
      "valid": true
    },
    {
      "window_id": 16,
      "n_cells": 739,
      "t_min": 0.8453781604766846,
      "t_max": 1.0,
      "c1": 0.08809470814892865,
      "c2": 0.8132611637347767,
      "valid": true
    }
  ]
}