{
  "case_id": "scrna_commitment_tier2p11_gastrulation_e75_purity",
  "expected_sign": 1,
  "coherence_threshold_rho": 0.2,
  "c1_name": "C_dim_collapse",
  "c2_name": "C_label_purity",
  "n_windows": 17,
  "rho_across_windows": 0.5808823529411765,
  "p_value_across_windows": 0.014476718085072136,
  "window_metric_note": "Window entries record per-window estimator values; coherence is assessed across windows.",
  "controllability_note": "Not an alarm case; FPR fields are not applicable.",
  "pass_gate": true,
  "verdict": "OK_PER_WINDOW",
  "windows": [
    {
      "window_id": 0,
      "n_cells": 17854,
      "t_min": 0.0,
      "t_max": 3.0,
      "c1": 0.08904247333185761,
      "c2": 0.5134423658563907,
      "valid": true
    },
    {
      "window_id": 1,
      "n_cells": 17853,
      "t_min": 2.0,
      "t_max": 3.0,
      "c1": 0.0816256472827544,
      "c2": 0.42978771074889377,
      "valid": true
    },
    {
      "window_id": 2,
      "n_cells": 17853,
      "t_min": 2.0,
      "t_max": 4.0,
      "c1": 0.0740647226376312,
      "c2": 0.40273343415672436,
      "valid": true
    },
    {
      "window_id": 3,
      "n_cells": 17854,
      "t_min": 2.0,
      "t_max": 4.0,
      "c1": 0.07392649070443345,
      "c2": 0.3218886524028229,
      "valid": true
    },
    {
      "window_id": 4,
      "n_cells": 17853,
      "t_min": 3.0,
      "t_max": 5.0,
      "c1": 0.08558458067088145,
      "c2": 0.2322298773315409,
      "valid": true
    },
    {
      "window_id": 5,
      "n_cells": 17853,
      "t_min": 3.0,
      "t_max": 5.0,
      "c1": 0.08292987936224237,
      "c2": 0.13555144793592114,
      "valid": true
    },
    {
      "window_id": 6,
      "n_cells": 17854,
      "t_min": 4.0,
      "t_max": 6.0,
      "c1": 0.07913204146116457,
      "c2": 0.15279489190097456,
      "valid": true
    },
    {
      "window_id": 7,
      "n_cells": 17853,
      "t_min": 4.0,
      "t_max": 6.0,
      "c1": 0.07900123364471141,
      "c2": 0.13219066823503053,
      "valid": true
    },
    {
      "window_id": 8,
      "n_cells": 17853,
      "t_min": 5.0,
      "t_max": 6.0,
      "c1": 0.07507599344435338,
      "c2": 0.1281577325939618,
      "valid": true
    },
    {
      "window_id": 9,
      "n_cells": 17853,
      "t_min": 5.0,
      "t_max": 7.0,
      "c1": 0.07531872767323353,
      "c2": 0.11633899064582984,
      "valid": true
    },
    {
      "window_id": 10,
      "n_cells": 17854,
      "t_min": 6.0,
      "t_max": 7.0,
      "c1": 0.07398240360713008,
      "c2": 0.09639296516186849,
      "valid": true
    },
    {
      "window_id": 11,
      "n_cells": 17853,
      "t_min": 6.0,
      "t_max": 7.0,
      "c1": 0.06988283614712505,
      "c2": 0.08105080378647846,
      "valid": true
    },
    {
      "window_id": 12,
      "n_cells": 17853,
      "t_min": 6.0,
      "t_max": 7.0,
      "c1": 0.07012518652169873,
      "c2": 0.09964711813140649,
      "valid": true
    },
    {
      "window_id": 13,
      "n_cells": 17854,
      "t_min": 7.0,
      "t_max": 8.0,
      "c1": 0.07536627370970037,
      "c2": 0.13907247675590903,
      "valid": true
    },
    {
      "window_id": 14,
      "n_cells": 17853,
      "t_min": 7.0,
      "t_max": 8.0,
      "c1": 0.08099393518169316,
      "c2": 0.1529154763905226,
      "valid": true
    },
    {
      "window_id": 15,
      "n_cells": 17853,
      "t_min": 7.0,
      "t_max": 8.0,
      "c1": 0.08643709157847791,
      "c2": 0.15364364532571556,
      "valid": true
    },
    {
      "window_id": 16,
      "n_cells": 17854,
      "t_min": 7.0,
      "t_max": 8.0,
      "c1": 0.0959058519400878,
      "c2": 0.15525932564131287,
      "valid": true
    }
  ]
}