{
  "case_id": "afdb_swissprot_tier2p11_confidence_regimes",
  "run_id": "B1_taxon9606_N100",
  "boundary_mode": "B1_COORD_PLUS_PAE",
  "afdb_release_version": "v6",
  "dataset_scope": "uniprot_reviewed_taxon_9606",
  "paths": {
    "coords_dir": "D:\\FIT Lab\\github\\F-I-T\\experiments\\real_world\\afdb_swissprot_tier2p11_confidence_regimes\\data\\runs\\B1_taxon9606_N100\\coords",
    "pae_dir": "D:\\FIT Lab\\github\\F-I-T\\experiments\\real_world\\afdb_swissprot_tier2p11_confidence_regimes\\data\\runs\\B1_taxon9606_N100\\pae",
    "msa_dir": "D:\\FIT Lab\\github\\F-I-T\\experiments\\real_world\\afdb_swissprot_tier2p11_confidence_regimes\\data\\runs\\B1_taxon9606_N100\\msa"
  },
  "artifact_availability": {
    "pae_available": true,
    "msa_available": false
  },
  "filters": {
    "min_length": 50,
    "max_length": 2500,
    "exclude_fragments_by_name": true
  },
  "selection": {
    "seed_string": "FIT_AFDB_B1_taxon9606_N100_v1",
    "target_n_valid": 100,
    "max_draw": 1000,
    "universe_size": 100,
    "selected_n": 96,
    "missing_counts": {
      "coords": 0,
      "pae": 0,
      "msa": 0
    }
  },
  "hashes": {
    "prereg_sha256": "ede8f36b5eee2f7be9f234f83b7d2dce307fe5197c8dc94376e2a5f1518f6efd",
    "accessions_sha256": "7540876f8314441f25b73bf240da8943d213f11db6ea7c6f8ae167a97551ec89"
  }
}