{
  "case_id": "afdb_swissprot_tier2p11_confidence_regimes",
  "run_id": "B1_taxon9606_N100",
  "timestamp_utc": "2026-02-07T10:07:52.665670Z",
  "git_commit": "UNKNOWN",
  "prereg_sha256": "ede8f36b5eee2f7be9f234f83b7d2dce307fe5197c8dc94376e2a5f1518f6efd",
  "artifacts": {
    "metrics_per_protein": "D:\\FIT Lab\\github\\F-I-T\\experiments\\real_world\\afdb_swissprot_tier2p11_confidence_regimes\\out\\B1_taxon9606_N100\\metrics_per_protein.parquet",
    "metrics_per_bin": "D:\\FIT Lab\\github\\F-I-T\\experiments\\real_world\\afdb_swissprot_tier2p11_confidence_regimes\\out\\B1_taxon9606_N100\\metrics_per_bin.parquet",
    "regime_report": "D:\\FIT Lab\\github\\F-I-T\\experiments\\real_world\\afdb_swissprot_tier2p11_confidence_regimes\\out\\B1_taxon9606_N100\\regime_report.md",
    "tradeoff_onepage": "D:\\FIT Lab\\github\\F-I-T\\experiments\\real_world\\afdb_swissprot_tier2p11_confidence_regimes\\out\\B1_taxon9606_N100\\tradeoff_onepage.pdf",
    "boundary_snapshot": "D:\\FIT Lab\\github\\F-I-T\\experiments\\real_world\\afdb_swissprot_tier2p11_confidence_regimes\\out\\B1_taxon9606_N100\\boundary_snapshot.json",
    "accessions_selected": "D:\\FIT Lab\\github\\F-I-T\\experiments\\real_world\\afdb_swissprot_tier2p11_confidence_regimes\\out\\B1_taxon9606_N100\\accessions_selected.txt"
  }
}