N,trial,x0,R0,gamma0,collapse_time,collapsed
10.0,0,0.14383296776895413,0.6913831418636287,2.2289804194311102,,False
10.0,1,0.1315788846494982,0.5017975413382072,1.5307571883725184,,False
10.0,2,0.14178235231845648,0.8823353679023246,1.945249171603077,,False
10.0,3,0.09206175006329075,0.6539389133279196,2.143519274768459,,False
10.0,4,0.12301841921290634,0.9025188872989565,2.4734004485456986,,False
10.0,5,0.0563581954855643,0.7550216328587092,1.529273559846323,,False
10.0,6,0.1524209875188131,0.7974154195171357,2.535392391397465,,False
10.0,7,0.07672415490077894,0.9838839134171968,3.490840063808691,,False
10.0,8,0.1445413595318019,0.5570512893185822,1.3568818670029013,,False
10.0,9,0.027008602525956604,0.5348592206371513,1.4494175051329892,,False
10.0,10,0.13916194494525075,0.9821303528388156,2.539371187275825,,False
10.0,11,0.07927355296557902,0.7082556962016944,1.5513606018358248,,False
10.0,12,0.040787440853675465,0.7116377094242635,1.602812196714011,,False
10.0,13,0.12717023914920164,0.6904335553797819,2.197055008876997,,False
10.0,14,0.13204241632035985,0.6218016527601226,1.9176470662724288,,False
10.0,15,0.1487622971994883,0.663113108466596,1.5273613196516849,,False
10.0,16,0.1291992806359961,0.5268638659851204,1.0551496344181,,False
10.0,17,0.021177963160160882,0.8828084076261762,2.7331567733590356,,False
10.0,18,0.1328264605802136,0.8794009670620824,2.420029541904419,,False
10.0,19,0.11099859135246301,0.5268883489702115,0.9908621381733275,,False
10.0,20,0.12694447388647545,0.7091029133787229,1.9738972998698923,,False
10.0,21,0.14239981718656408,0.7990950760003249,2.276479508685412,,False
10.0,22,0.10947314571926617,0.6171725539344367,1.1500086224063146,,False
10.0,23,0.08987478227717799,0.568021570050741,1.344799338242723,,False
10.0,24,0.15654449172290658,0.5786667172259374,1.0787850111124972,,False
10.0,25,0.06502142272351945,0.611476566771676,1.718461681663304,,False
10.0,26,0.10912514437460454,0.8811440150085275,2.726163374219457,,False
10.0,27,0.0850218978304113,0.8977112115663191,2.044201956245076,,False
10.0,28,0.023633931701417678,0.4995263234266029,1.3438303922374586,,False
10.0,29,0.093900356840222,0.538699478468481,1.3223904338684238,,False
13.421052631578947,0,0.044369936434106944,0.8329762062927548,2.079623518356842,,False
13.421052631578947,1,0.0809633961754372,0.615831649031332,1.5173623246401533,,False
13.421052631578947,2,0.07789001768854246,0.4982074556238555,0.7826099365526387,,False
13.421052631578947,3,0.1739036263279223,0.9497193798891839,2.843495279363806,,False
13.421052631578947,4,0.06253919383352313,0.9830470075412482,3.093702708818948,,False
13.421052631578947,5,0.1347024302654393,0.6971488261790837,1.4599720087471706,,False
13.421052631578947,6,0.035422553944559884,0.9464313180991129,2.467489250969644,,False
13.421052631578947,7,0.05237813836723686,0.6182761432828588,1.4837280419404402,,False
13.421052631578947,8,0.04828364527027708,0.9211378562508066,2.819571151578678,,False
13.421052631578947,9,0.1351140729521499,0.687651171876307,1.777369887621432,,False
13.421052631578947,10,0.11345567502603769,0.807415630855151,1.5570029986124252,,False
13.421052631578947,11,0.08652918434729755,0.4728877956240408,0.9200809703650402,,False
13.421052631578947,12,0.07277779397324566,0.5294883038763257,0.8554820583947496,,False
13.421052631578947,13,0.11402313154843394,0.5438261326952873,1.4557512422647414,,False
13.421052631578947,14,0.1129697823520632,0.6407783924941604,1.5740807673522377,,False
13.421052631578947,15,0.0236486193647516,0.9772075672827949,2.610570809008008,,False
13.421052631578947,16,0.14523763636004577,0.49550149995734116,0.9923815588016062,,False
13.421052631578947,17,0.09851311909672335,0.9658045502362406,2.708932366338487,,False
13.421052631578947,18,0.09575830416911262,0.5968366147005415,1.2115348674415933,,False
13.421052631578947,19,0.10330758439544604,0.6914013031677757,1.1973887674061183,,False
13.421052631578947,20,0.15220670787109725,0.9428884245118717,1.98778409707246,,False
13.421052631578947,21,0.10864578296624791,0.5097166576244939,1.1548009401604613,,False
13.421052631578947,22,0.06499740541424133,0.812682449080546,2.356200520833969,,False
13.421052631578947,23,0.14298359870682512,0.5092575202757431,1.3032166999786665,,False
13.421052631578947,24,0.056834238543180926,0.4705769058968988,0.9450270701327718,,False
13.421052631578947,25,0.0793475654179902,0.9063843587228273,2.8319099842017255,,False
13.421052631578947,26,0.07074222285163445,0.9740946672883597,2.304299627743606,,False
13.421052631578947,27,0.10240914067707434,0.5907807998121815,1.6638284621852004,,False
13.421052631578947,28,0.046337250813122906,0.4747008406657809,0.8940221869059546,,False
13.421052631578947,29,0.17878009024893393,0.9404224964402026,2.88045851285875,,False
16.842105263157894,0,0.16252679854056398,0.9413956518338247,2.3677757700294144,,False
16.842105263157894,1,0.07054864829292688,0.8746068376610434,2.3158144915919907,,False
16.842105263157894,2,0.07978523661979361,0.5019566674338334,0.9707669842282535,,False
16.842105263157894,3,0.061993682547658344,0.9652472327935786,2.0537163769616513,,False
16.842105263157894,4,0.03964126918583777,0.9071119696686984,1.771396096602894,,False
16.842105263157894,5,0.04868292930523825,0.7796605353364638,2.1867085346940023,,False
16.842105263157894,6,0.05142954651433172,0.6206780200950521,1.4555536268457536,,False
16.842105263157894,7,0.17549222816975477,0.7254076524112882,1.2707251687882972,,False
16.842105263157894,8,0.022229806033312247,0.5763108164993703,0.8621664000159148,,False
16.842105263157894,9,0.1284253877780572,0.5170078775456921,0.9022263830187875,,False
16.842105263157894,10,0.13108198970286183,0.7696141350714962,1.4473191887910668,,False
16.842105263157894,11,0.14865992418916202,0.8434739212886909,2.2912677012716296,,False
16.842105263157894,12,0.04096924024917012,0.5180645920076895,1.1294506767759211,,False
16.842105263157894,13,0.0836125110119905,0.6155217804795168,1.2255412090431768,,False
16.842105263157894,14,0.12605827404217318,0.9755927913758334,2.1492859327927354,,False
16.842105263157894,15,0.16796934868992433,0.46367272026244094,0.7408379961732683,,False
16.842105263157894,16,0.12143601786897362,0.5082435720629143,0.6852137517143888,,False
16.842105263157894,17,0.08705829109060861,0.98142755167875,2.6178971593027978,,False
16.842105263157894,18,0.1692837154560338,0.8923985035871339,2.1334711988559114,,False
16.842105263157894,19,0.14556215188035,0.4598102311873432,0.5424533776759578,,False
16.842105263157894,20,0.1527085783812378,0.8882493985788389,1.8212239694478336,,False
16.842105263157894,21,0.10492313449584856,0.783308701385006,2.1946035158841304,,False
16.842105263157894,22,0.11649714517419611,0.6769143631005241,1.3357983774125433,,False
16.842105263157894,23,0.08814113381976159,0.8085620640689858,2.298762139788938,,False
16.842105263157894,24,0.09262350113220796,0.586311759623247,0.9587715137105352,,False
16.842105263157894,25,0.1393622848389514,0.8991128198831507,1.6876755856607397,,False
16.842105263157894,26,0.030649417112828505,0.7769385150660484,1.4116159382952347,,False
16.842105263157894,27,0.1519462704730146,0.6206840706582409,0.9892308269406715,,False
16.842105263157894,28,0.16735527559799204,0.541042447504403,0.8564188170223119,,False
16.842105263157894,29,0.04457814323072938,0.5135195350159452,0.6371656200784217,,False
20.263157894736842,0,0.028863265466281617,0.546052809014719,0.6069011700616866,,False
20.263157894736842,1,0.1145830105777554,0.8243929897397285,1.6587959865166204,,False
20.263157894736842,2,0.0708785755123279,0.7274894303622266,1.7577037435443454,,False
20.263157894736842,3,0.15618106029155296,0.47391128410703554,0.4696097584179662,,False
20.263157894736842,4,0.057879179376703366,0.5871631667077165,1.0032821388294677,,False
20.263157894736842,5,0.08660198811251077,0.47708976596017666,0.5449186494687066,,False
20.263157894736842,6,0.10380047179482196,0.5059195465970437,0.8214041066785525,,False
20.263157894736842,7,0.028313898634416683,0.9586630279599342,1.7010994346101933,,False
20.263157894736842,8,0.15497199225564043,0.9464592291601894,2.8008000271923175,,False
20.263157894736842,9,0.14832414084377496,0.8787126474242308,2.1179908283725415,,False
20.263157894736842,10,0.14463941673250064,0.5240037146272308,0.7640655775119461,,False
20.263157894736842,11,0.10227565923046632,0.9216646792674066,2.0542799051829,,False
20.263157894736842,12,0.08161431937605655,0.8017597991804105,1.4600473374090563,,False
20.263157894736842,13,0.0423629457526331,0.7128325007130601,1.32224404675892,,False
20.263157894736842,14,0.0572111904846198,0.6521314955633204,1.090785975809981,,False
20.263157894736842,15,0.07239929030600728,0.6587052438498109,1.3379646056757402,,False
20.263157894736842,16,0.06750023593140565,0.9718718596934373,2.8271213486107127,,False
20.263157894736842,17,0.09694566852801258,0.6305986627525788,1.1337640406518612,,False
20.263157894736842,18,0.15576967820377993,0.808923037308056,2.0243382080584382,,False
20.263157894736842,19,0.10523556417051844,0.7981046960971914,1.4707660029412963,,False
20.263157894736842,20,0.13758290596964654,0.561322526219145,0.9753479348003824,,False
20.263157894736842,21,0.15771505093214305,0.5226565605158491,0.7936430544141795,,False
20.263157894736842,22,0.03521531971678954,0.8491435955492848,1.4006017133487636,,False
20.263157894736842,23,0.16975037163210016,0.5255743615207912,0.9569322747265073,,False
20.263157894736842,24,0.14814146817361545,0.7765251024564948,1.873888013619757,,False
20.263157894736842,25,0.14721837423729373,0.9703148845495316,1.936974910960595,,False
20.263157894736842,26,0.11441214325732947,0.5022770586604206,0.7203991614182977,,False
20.263157894736842,27,0.04740660865484621,0.760722836309843,1.619205554696362,,False
20.263157894736842,28,0.09455762447699638,0.7374474765322175,1.7027220037798028,,False
20.263157894736842,29,0.14787915464193066,0.720684268566486,1.4999139846843716,,False
23.684210526315788,0,0.1689977977104163,0.5158534736756175,0.4230281551280456,,False
23.684210526315788,1,0.034033441905722946,0.8118248067722903,1.4779889493915017,,False
23.684210526315788,2,0.1438914265826949,0.8191772773197259,1.4229524203435178,,False
23.684210526315788,3,0.1637386475778457,0.8693926808888588,1.5120908554326762,,False
23.684210526315788,4,0.07827072284352864,0.6229419891123446,0.726807798702699,,False
23.684210526315788,5,0.04364533960675067,0.9648701048566592,1.9969553590666784,,False
23.684210526315788,6,0.08133117164438558,0.8513271397725579,1.7391934403071214,,False
23.684210526315788,7,0.16978239789415395,0.8791658216501657,1.7596523761492806,,False
23.684210526315788,8,0.0802175157569322,0.9926473497083771,2.444700116235037,,False
23.684210526315788,9,0.17219114560061458,0.5151632174693728,0.6557609149248074,,False
23.684210526315788,10,0.12193182143859321,0.5170569230843118,0.5786579898907984,,False
23.684210526315788,11,0.12977541841687182,0.45676647723873154,0.33583752875465867,,False
23.684210526315788,12,0.15206392179141137,0.6124474639392494,0.8531050749176359,,False
23.684210526315788,13,0.09077026033086291,0.6160600652933703,1.1049661897083114,,False
23.684210526315788,14,0.14500704566904254,0.5108236260478607,0.6835434798437026,,False
23.684210526315788,15,0.16067200388923925,0.6061496408252214,1.022059637928533,,False
23.684210526315788,16,0.03702712509942126,0.9995076017608312,2.403914050484834,,False
23.684210526315788,17,0.12402000248940752,0.499742399841273,0.6059555916183055,,False
23.684210526315788,18,0.02463992051271511,0.5824554319226308,0.6102483877766285,,False
23.684210526315788,19,0.14428287051075497,0.5590123249670937,0.8600815615379882,,False
23.684210526315788,20,0.12500304629239842,0.46988949077208286,0.27634800285424094,,False
23.684210526315788,21,0.02826526672230383,0.7832588477062502,1.7132511765679452,,False
23.684210526315788,22,0.05816845130038216,0.9171748636076902,1.4129066879366488,,False
23.684210526315788,23,0.1481542165826682,0.9602874865947542,2.386347120583588,,False
23.684210526315788,24,0.13169932543658194,0.9108891202604608,1.3781205185798842,,False
23.684210526315788,25,0.05228513771504886,0.5187080236181036,0.5571936776268205,,False
23.684210526315788,26,0.13923010053261511,0.7965065145170193,1.81009594266262,,False
23.684210526315788,27,0.04483407879057454,0.8540416005643389,1.3896381307794654,,False
23.684210526315788,28,0.06332140021084805,0.8404475835047172,2.1156028125463955,,False
23.684210526315788,29,0.11784697695633115,0.47997517324521255,0.4530311042776186,,False
27.105263157894736,0,0.026776088252826735,0.9362801412517494,2.0230117948629553,,False
27.105263157894736,1,0.04770045542760051,0.5004465532033089,0.2597379035760149,,False
27.105263157894736,2,0.1768043487286708,0.7022083533521694,1.173105344363685,,False
27.105263157894736,3,0.1218253347372443,0.7648272324772505,0.9637812139635142,,False
27.105263157894736,4,0.1713639125692952,0.6157384478830948,0.7437783855295931,,False
27.105263157894736,5,0.13196415113425058,0.8070782353849199,1.7146130740303056,,False
27.105263157894736,6,0.043750238387209275,0.7295940061458182,1.0362545260121898,,False
27.105263157894736,7,0.0958669967172189,0.5155696394087594,0.29080778955463593,,False
27.105263157894736,8,0.06449208732500118,0.6175875320684572,0.6870031062950843,,False
27.105263157894736,9,0.11775800752586053,0.7990460145800447,1.2651653909653526,,False
27.105263157894736,10,0.08540529750859155,0.5696956896833291,0.5834053790037442,,False
27.105263157894736,11,0.07072654581075806,0.46983290885254997,0.20474042811802123,,False
27.105263157894736,12,0.09586122801442726,0.574076077512316,0.5937632341974683,,False
27.105263157894736,13,0.11052350406910735,0.8361011996107042,1.587469988205545,,False
27.105263157894736,14,0.12438928904336506,0.6239177835032237,0.8638924120464639,,False
27.105263157894736,15,0.10786310137594872,0.6872800073489396,1.0251272778756224,,False
27.105263157894736,16,0.07770517351204069,0.732006584533717,1.2605151121747136,,False
27.105263157894736,17,0.16182446187579322,0.9565814585123554,1.874004773836382,,False
27.105263157894736,18,0.10324401835849106,0.8899287259201101,1.464018812964024,,False
27.105263157894736,19,0.15398117797521096,0.7217779055845829,0.8295133373444157,,False
27.105263157894736,20,0.03152946353167099,0.9130962660717047,1.271933789443078,,False
27.105263157894736,21,0.06489782978138495,0.6337715222758502,0.6238682866733507,,False
27.105263157894736,22,0.07022293916831827,0.858480911698797,1.0978351260864054,,False
27.105263157894736,23,0.15234774792330982,0.921101412966007,1.6179278024057095,,False
27.105263157894736,24,0.044578063849701574,0.7804622243697945,0.9868069995110895,,False
27.105263157894736,25,0.0783870977725204,0.9771360494955348,2.505275694600704,,False
27.105263157894736,26,0.1435367826167337,0.6210288304564213,0.8096190982059457,,False
27.105263157894736,27,0.13286501847744203,0.6633129323400073,0.9452373500924142,,False
27.105263157894736,28,0.021716423196108198,0.5649817122312327,0.5465175136450199,,False
27.105263157894736,29,0.04620020868132734,0.5412487773320934,0.5484575051253942,,False
30.526315789473685,0,0.17826128042937686,0.7557831854156466,1.2148306373312443,,False
30.526315789473685,1,0.1784514662922036,0.5278777387128261,0.23069835167157327,,False
30.526315789473685,2,0.08281163453470719,0.49402710600540173,0.14130142327910403,,False
30.526315789473685,3,0.08940464437161488,0.7081298138047207,0.6759715111069617,,False
30.526315789473685,4,0.0489482643569389,0.9489069921859182,1.2222759125777656,,False
30.526315789473685,5,0.057256365590992994,0.6106326316729905,0.5163144289495086,,False
30.526315789473685,6,0.11383122768236735,0.7213094867178667,0.6765098393278615,,False
30.526315789473685,7,0.05898679264891417,0.9139736116193976,1.676170773635365,,False
30.526315789473685,8,0.12386384802148391,0.8186117904432453,1.416105187065443,,False
30.526315789473685,9,0.029297357075431574,0.6516346117129368,0.6740316552839523,,False
30.526315789473685,10,0.07415303732757217,0.9144633803079526,1.5364196955572573,,False
30.526315789473685,11,0.14298041431350067,0.918608534284643,1.5708419158723315,,False
30.526315789473685,12,0.16552835901941598,0.7729181672953394,1.2917688859773966,,False
30.526315789473685,13,0.07449452729464388,0.7243493271923169,0.9226848393174167,,False
30.526315789473685,14,0.03679675454337129,0.6692038786858473,0.8948256131606416,,False
30.526315789473685,15,0.1209331584583588,0.5476286203403321,0.2761749846527643,,False
30.526315789473685,16,0.05065648154603197,0.46365272248921485,0.052012761150797615,,False
30.526315789473685,17,0.09171317252109944,0.6191442898314323,0.5800072864003709,,False
30.526315789473685,18,0.0211703130068825,0.6029121586304476,0.5519460135451744,,False
30.526315789473685,19,0.12140316369108207,0.9899932711483945,1.937219338444398,,False
30.526315789473685,20,0.09640093978043725,0.8687879097512041,1.7284861259589053,,False
30.526315789473685,21,0.13531135147493625,0.9797661729521587,2.0687037696613686,,False
30.526315789473685,22,0.15868823012190822,0.5127572391510005,0.21203408053947398,,False
30.526315789473685,23,0.09041419192437898,0.7542070913262013,1.0987869008167057,,False
30.526315789473685,24,0.1751704186728911,0.9915179447873935,1.588306261024088,,False
30.526315789473685,25,0.13740055959006658,0.8624909458643977,1.2514102979345947,,False
30.526315789473685,26,0.03981916397827537,0.4725208281571458,0.05784160228881931,,False
30.526315789473685,27,0.09835195869070495,0.9920470932222094,1.778698989872332,,False
30.526315789473685,28,0.17646671665181443,0.6763668012067329,0.8711277102394952,,False
30.526315789473685,29,0.033571083569893134,0.7555039405757702,1.1916628380640246,,False
33.94736842105263,0,0.16795226675518218,0.9024206998395874,0.9727789485732644,,False
33.94736842105263,1,0.07963237460907747,0.4767841597726182,0.006010526011300691,,False
33.94736842105263,2,0.12804890058679747,0.842292007971434,1.3148196187706043,,False
33.94736842105263,3,0.15847304768890605,0.8566873076620805,1.3905128414248829,,False
33.94736842105263,4,0.02783419357172468,0.5789943327427142,0.25427792309372665,,False
33.94736842105263,5,0.1573000487399717,0.4524750687168125,0.028304613816399243,6.0,True
33.94736842105263,6,0.12836598389830356,0.46628400902073724,0.022074555665436337,11.0,True
33.94736842105263,7,0.1633015810213915,0.8193870448707223,0.8918557320371456,,False
33.94736842105263,8,0.15644498074110602,0.6414172828752328,0.542932078141146,,False
33.94736842105263,9,0.06783098417902489,0.7746761379857319,0.8478653437698362,,False
33.94736842105263,10,0.06397200812081072,0.937606659194528,1.1888795346996968,,False
33.94736842105263,11,0.0335698545977221,0.6380598162001132,0.49417288485599176,,False
33.94736842105263,12,0.14918905695620507,0.9993088535367206,1.466729082116087,,False
33.94736842105263,13,0.08527071218100515,0.5252517029162944,0.05694206813272422,,False
33.94736842105263,14,0.17961280596206675,0.8354845555663621,1.1714626536080723,,False
33.94736842105263,15,0.08277905486748705,0.9534143181570551,1.5075535728789498,,False
33.94736842105263,16,0.04149870613008984,0.6509581547595233,0.3592357403042345,,False
33.94736842105263,17,0.052316646030205055,0.45971782954995166,0.024930395407508993,,False
33.94736842105263,18,0.12152644239228755,0.6388108543083992,0.42000401812066,,False
33.94736842105263,19,0.17347348365513213,0.8635797168662036,1.2338119145969972,,False
33.94736842105263,20,0.06552654001789204,0.9433482393251473,1.2460595605377853,,False
33.94736842105263,21,0.07205483688266832,0.9499856479326216,1.5246782195194073,,False
33.94736842105263,22,0.13877087190687626,0.7749096367900714,0.9849142983039594,,False
33.94736842105263,23,0.0679013266423721,0.5827546338946645,0.2239406819363727,,False
33.94736842105263,24,0.04487065025334759,0.9308729009099441,1.2508588479674814,,False
33.94736842105263,25,0.10983830310630155,0.8855859338277557,1.4933252151966958,,False
33.94736842105263,26,0.09014180137347087,0.711941519722699,0.889868131586959,,False
33.94736842105263,27,0.12793559631664383,0.8980511437148355,1.6351167670120423,,False
33.94736842105263,28,0.14601437379669427,0.5518486397244622,0.15027127118109332,,False
33.94736842105263,29,0.03630306517032718,0.8091071696101991,1.2927641172800999,,False
37.368421052631575,0,0.10203713028801782,0.6881348710772719,0.3154082161427388,,False
37.368421052631575,1,0.17356392357267525,0.5066514762715872,0.002259350131766582,7.800000000000001,True
37.368421052631575,2,0.05937065784079015,0.4860417386551103,0.025031481332646932,,False
37.368421052631575,3,0.102574048201138,0.6219134719657211,0.15358581302827684,,False
37.368421052631575,4,0.03785605891987627,0.6614774078944604,0.2545034474806918,,False
37.368421052631575,5,0.13171035609758616,0.5638612978386466,0.022200125378413694,,False
37.368421052631575,6,0.0830601243484956,0.6791352981880313,0.28505550745127756,,False
37.368421052631575,7,0.03793125935979161,0.9245205100574829,0.8744837214342304,,False
37.368421052631575,8,0.10130677693006002,0.7192261035789644,0.4866034360273913,,False
37.368421052631575,9,0.08901232322343194,0.8793196256396214,1.3014441711653093,,False
37.368421052631575,10,0.06165576694644001,0.6273697425322514,0.19284099382822487,,False
37.368421052631575,11,0.09677814408817043,0.8257920967123471,0.7577332287302876,,False
37.368421052631575,12,0.07291771872877867,0.9617115396740328,1.0018151001652738,,False
37.368421052631575,13,0.0937231368383306,0.8413569228782278,0.7584976398222578,,False
37.368421052631575,14,0.027579843200877096,0.5260129544011919,0.05053527564418756,,False
37.368421052631575,15,0.021481565091379745,0.5535770861462435,0.0017205932095904505,,False
37.368421052631575,16,0.037700714809952525,0.791082107645563,0.6647564003497769,,False
37.368421052631575,17,0.1110739280689083,0.7746074605213693,0.8774909243237076,,False
37.368421052631575,18,0.02075862286589983,0.9193532026383018,1.3054976771797508,,False
37.368421052631575,19,0.04603895777679322,0.8751155634744062,1.2932710755092849,,False
37.368421052631575,20,0.06068215740066517,0.9553365244964744,1.3063933667061227,,False
37.368421052631575,21,0.11654791269333144,0.991557243489704,1.3461406892264678,,False
37.368421052631575,22,0.15010549533121806,0.6251195148056528,0.2582711938359621,,False
37.368421052631575,23,0.1161174270180228,0.5689956323739708,0.03468215161109612,,False
37.368421052631575,24,0.07082170149816987,0.4929596161942001,0.0016409123554833617,,False
37.368421052631575,25,0.07543658486514895,0.46046878129961755,0.009101826666997628,,False
37.368421052631575,26,0.136029331336139,0.8394501796259733,1.081432663496696,,False
37.368421052631575,27,0.0707445073807966,0.9395107014147326,1.3596675363207655,,False
37.368421052631575,28,0.04016421467946024,0.5290452638005437,0.03812024848113359,,False
37.368421052631575,29,0.047671029830732486,0.7290109858701238,0.7385607989360775,,False
40.78947368421053,0,0.02064121675733432,0.4591188910436563,0.05461965200617787,,False
40.78947368421053,1,0.11354221346146649,0.5198004865351822,0.04935162098647516,11.0,True
40.78947368421053,2,0.16086084802043074,0.7449102272112564,0.4848448879871704,,False
40.78947368421053,3,0.06370995064014022,0.4777858330046028,0.03270121848899754,21.400000000000002,True
40.78947368421053,4,0.06716083091244208,0.8149915756631936,0.827324258560403,,False
40.78947368421053,5,0.02290568702629825,0.77764257607715,0.4746139746939699,,False
40.78947368421053,6,0.15982215966460822,0.5895154786090057,0.03359235732794801,11.0,True
40.78947368421053,7,0.10856653441433783,0.6678915750325869,0.21047929645567787,,False
40.78947368421053,8,0.13612314155446942,0.7618157874256628,0.5874235882790564,,False
40.78947368421053,9,0.17734673215887,0.6805998133454427,0.23578160192875686,,False
40.78947368421053,10,0.02199518047059412,0.8878157059707081,0.949476171296147,,False
40.78947368421053,11,0.08527382885769044,0.5017395796991676,0.04893110319214686,14.0,True
40.78947368421053,12,0.08320115840648903,0.8254198790150712,0.5763926565509516,,False
40.78947368421053,13,0.1738479407265652,0.548142969002007,0.010974809609471971,8.200000000000001,True
40.78947368421053,14,0.1574372576892342,0.9519205092780622,0.9604816731686181,,False
40.78947368421053,15,0.09516814210797248,0.8534221975095564,1.0041835713915346,,False
40.78947368421053,16,0.08064843120596883,0.734360717767186,0.4757928009863599,,False
40.78947368421053,17,0.13698175626444725,0.8806280715143466,0.951466743288438,,False
40.78947368421053,18,0.03673841548876403,0.9471853099829219,1.3853514298341092,,False
40.78947368421053,19,0.14769558973093327,0.5049243624384012,0.011241855189478607,8.200000000000001,True
40.78947368421053,20,0.1389760584172243,0.4627270520200705,0.053857354853900384,7.4,True
40.78947368421053,21,0.08034314885690892,0.845621893529953,0.9760638541172357,,False
40.78947368421053,22,0.08314078210401317,0.6255228687298163,0.04948991911374748,,False
40.78947368421053,23,0.11295829979968812,0.6750269876936383,0.22768985223141766,,False
40.78947368421053,24,0.16966101913063916,0.7072021411446281,0.26638676894708635,,False
40.78947368421053,25,0.08035295726128062,0.6667588404262152,0.14620028713632877,,False
40.78947368421053,26,0.04605944008872878,0.8265091403665225,0.6609502502072229,,False
40.78947368421053,27,0.1727837426969292,0.583978209947234,0.005440847780765228,9.4,True
40.78947368421053,28,0.14056073008004127,0.9345698285548285,0.9540563168602879,,False
40.78947368421053,29,0.05233409626327648,0.5521713741790979,0.028710676575158182,,False
44.21052631578947,0,0.09494666259948335,0.5926919119199938,0.0024845214344184517,11.8,True
44.21052631578947,1,0.09703861445220492,0.9776327911995846,1.1651415677038728,,False
44.21052631578947,2,0.09928104906057895,0.5108806407162888,0.013883995980227302,9.8,True
44.21052631578947,3,0.06716383193192683,0.8706419539339789,0.8617687719899711,,False
44.21052631578947,4,0.16426269657063014,0.9915127345379148,1.4331813252359746,,False
44.21052631578947,5,0.172479861242877,0.48950217727658635,0.007578644476029286,7.0,True
44.21052631578947,6,0.06871464423616526,0.7540940397354539,0.23588433869462974,,False
44.21052631578947,7,0.1553275132483428,0.7892158984925199,0.43927795673834164,,False
44.21052631578947,8,0.04644981173876658,0.5892905109201085,0.008817161374024194,,False
44.21052631578947,9,0.15630930524716777,0.77132532303367,0.4186359471926232,,False
44.21052631578947,10,0.06736525806560412,0.6541889503985524,0.02226702304345936,,False
44.21052631578947,11,0.14160239547904557,0.8747941432210125,0.5954654745597038,,False
44.21052631578947,12,0.17064621707809582,0.5163604355940274,0.04928671453329968,7.4,True
44.21052631578947,13,0.036063303303969486,0.5954968961332211,0.04655631948373764,,False
44.21052631578947,14,0.04871873157537399,0.6774623622204834,0.04720071741726803,,False
44.21052631578947,15,0.05924143568371354,0.8406348607347927,0.7281292996447457,,False
44.21052631578947,16,0.15993202237689147,0.6366271801551084,0.0291967716858298,9.4,True
44.21052631578947,17,0.05974502461850424,0.58463807585258,0.008868973456855828,22.6,True
44.21052631578947,18,0.17040304172920234,0.9383938557330689,1.08848045139402,,False
44.21052631578947,19,0.10282584340603665,0.7198343535315295,0.19607171794936296,,False
44.21052631578947,20,0.10585088217233429,0.6890096965837297,0.06885652409712134,28.200000000000003,True
44.21052631578947,21,0.040106216458965754,0.9737373437151258,1.0448083729537054,,False
44.21052631578947,22,0.17251288398483022,0.5399672827405605,0.03049291036219635,7.6000000000000005,True
44.21052631578947,23,0.053234760536246276,0.5892515333696309,0.0016530018318648334,,False
44.21052631578947,24,0.03903252971843381,0.9542666241960577,0.8858630719614022,,False
44.21052631578947,25,0.11730067390633465,0.7057577725941001,0.13635805512789081,,False
44.21052631578947,26,0.1051017746153709,0.5529814195384378,0.05437321441857672,10.200000000000001,True
44.21052631578947,27,0.15092925899261805,0.8578880480023334,0.6499155073414813,,False
44.21052631578947,28,0.04446033954021376,0.9563662220504623,0.9038950475396856,,False
44.21052631578947,29,0.028017070351509403,0.6383220222458458,0.04369513667727364,,False
47.63157894736842,0,0.11963339919811332,0.8629612216096728,0.5920600172430533,,False
47.63157894736842,1,0.05391273777288681,0.9580808238512492,0.7980519238573509,,False
47.63157894736842,2,0.12224218388226635,0.45126982492270806,0.0546352674126148,7.800000000000001,True
47.63157894736842,3,0.06494342175426482,0.48413470859708535,0.02520441228450827,10.200000000000001,True
47.63157894736842,4,0.04064480914912668,0.5337796905866666,0.034775554716661564,13.200000000000001,True
47.63157894736842,5,0.08286838265123733,0.9570188475852472,0.7369281203529655,,False
47.63157894736842,6,0.13618882054142417,0.7036046865851991,0.03629732156211034,9.600000000000001,True
47.63157894736842,7,0.11595125707455847,0.710031185017449,0.05225336020434405,10.8,True
47.63157894736842,8,0.07483418284079293,0.5474795256870999,0.03729517334839056,10.200000000000001,True
47.63157894736842,9,0.1553612098092654,0.47213955696695803,0.024729797863247433,7.0,True
47.63157894736842,10,0.1627980303499722,0.8622902404075772,0.647970936997603,,False
47.63157894736842,11,0.10502620985555901,0.8129976453406331,0.29606061763517055,,False
47.63157894736842,12,0.17160569594655878,0.6514845187060949,0.04061808919776458,8.0,True
47.63157894736842,13,0.0845024326590531,0.7590004115346496,0.17096326691703728,21.6,True
47.63157894736842,14,0.10142946428021668,0.9488974798002296,0.7592053675843875,,False
47.63157894736842,15,0.12353148770293203,0.6382993383150297,0.022448616752705722,9.0,True
47.63157894736842,16,0.09040801731736839,0.5191938600717568,0.0050448023482453684,9.4,True
47.63157894736842,17,0.12679838770348126,0.8105347560886788,0.35790620791848893,,False
47.63157894736842,18,0.023162631254830666,0.6296007634694789,0.010879541599255832,,False
47.63157894736842,19,0.14450422760704199,0.9233467207678716,0.6043450466383025,,False
47.63157894736842,20,0.1268558654156778,0.5211495419020509,0.015133388908094235,8.200000000000001,True
47.63157894736842,21,0.04218471939734712,0.6059364216295761,0.03711051010421029,15.0,True
47.63157894736842,22,0.1656523056296404,0.5613873243583023,0.02981434692228956,7.6000000000000005,True
47.63157894736842,23,0.13222257619894917,0.9741073576670611,0.9399053047010127,,False
47.63157894736842,24,0.06081710896438092,0.7940129863026649,0.2418776116742692,,False
47.63157894736842,25,0.17618054251067322,0.6698218743400003,0.03769852464185579,8.200000000000001,True
47.63157894736842,26,0.023716413175481357,0.6700337953741154,0.04813091873273815,,False
47.63157894736842,27,0.11763639110931934,0.694168587517787,0.05147656246896493,10.4,True
47.63157894736842,28,0.15663750018355665,0.627218620602616,0.029950162112273682,8.200000000000001,True
47.63157894736842,29,0.09837188097479405,0.7977113750631744,0.2553917587453544,,False
51.05263157894737,0,0.059072800122542124,0.9519695093905448,0.7908460603048094,,False
51.05263157894737,1,0.15493166172191664,0.9880124369205088,0.8644435606565026,,False
51.05263157894737,2,0.14234675656991994,0.8694245505794524,0.34833980212687243,13.4,True
51.05263157894737,3,0.09303235112228347,0.5821244518819517,0.03546505568976098,8.8,True
51.05263157894737,4,0.06629122177637353,0.5917946253362949,0.03222787557528302,9.8,True
51.05263157894737,5,0.08559718211600692,0.5703711348370477,0.044883080921405714,9.0,True
51.05263157894737,6,0.15769118708710014,0.5422347358227795,0.00041288680399999283,7.800000000000001,True
51.05263157894737,7,0.07378079496469979,0.888630959624414,0.500990295637308,,False
51.05263157894737,8,0.04213265121856788,0.8758847456506782,0.28970561625469293,39.2,True
51.05263157894737,9,0.08241001442504468,0.9992352332565537,0.6501888450052288,,False
51.05263157894737,10,0.04463417321242023,0.6825401829007364,0.03408176892834238,11.8,True
51.05263157894737,11,0.16926412518612052,0.9894516300431688,0.5679411251619836,22.0,True
51.05263157894737,12,0.04207960277566485,0.8849058856427966,0.3503528505788756,,False
51.05263157894737,13,0.1615758495210177,0.8148992914759977,0.1288489184320361,9.200000000000001,True
51.05263157894737,14,0.15320468558784114,0.5469960090044417,0.023292246707380962,7.800000000000001,True
51.05263157894737,15,0.10834958856949281,0.7254213819941531,0.03773896035883328,9.200000000000001,True
51.05263157894737,16,0.12442987757908085,0.9956231030404302,1.011002239765162,,False
51.05263157894737,17,0.10263350442170256,0.5023594978284751,0.040031381443279515,8.8,True
51.05263157894737,18,0.17626625251465428,0.6250795131959611,0.025366488721066564,7.4,True
51.05263157894737,19,0.08796430797047296,0.4782805350063111,0.03697454371728947,9.200000000000001,True
51.05263157894737,20,0.07653403121095485,0.8831051310473262,0.4767990049449806,,False
51.05263157894737,21,0.15139692585565526,0.679166298921934,0.017685012523249475,7.800000000000001,True
51.05263157894737,22,0.13981132474672878,0.8907641886134976,0.4227288344695898,15.8,True
51.05263157894737,23,0.16288496312580847,0.529149782843207,0.048348782881242815,7.6000000000000005,True
51.05263157894737,24,0.035375237275501,0.5344390371300376,0.029361200730067823,11.4,True
51.05263157894737,25,0.030802956829986405,0.4790439057700607,2.853092911380362e-05,11.600000000000001,True
51.05263157894737,26,0.08981066555108211,0.8760431347107264,0.2722908977886076,15.600000000000001,True
51.05263157894737,27,0.12436121703453687,0.9027200245789025,0.37464221964034794,15.8,True
51.05263157894737,28,0.04349819757142468,0.9234405354912949,0.6378954858533515,,False
51.05263157894737,29,0.10623068260226991,0.9005599336116892,0.3484506622570846,16.8,True
54.473684210526315,0,0.0831170428702007,0.855788655858505,0.11275837296960582,10.200000000000001,True
54.473684210526315,1,0.14037262630936845,0.7272982324149476,0.041264629337152824,7.800000000000001,True
54.473684210526315,2,0.09434874205717274,0.6523473871219997,0.012055406906324779,8.4,True
54.473684210526315,3,0.053340694629602406,0.8633199458142677,0.1219060463731921,11.600000000000001,True
54.473684210526315,4,0.03375717601775122,0.5469602507621716,0.009644058129965705,10.600000000000001,True
54.473684210526315,5,0.15169721964910396,0.6691786429108169,0.05447136515482654,7.6000000000000005,True
54.473684210526315,6,0.04195380124649798,0.8094469041315038,0.024680122896068787,11.0,True
54.473684210526315,7,0.08286690827153184,0.9312963094797453,0.4968670863408146,15.8,True
54.473684210526315,8,0.1596574334038686,0.5557653734693231,0.012143885666491374,7.6000000000000005,True
54.473684210526315,9,0.12497182065521013,0.6089959699010055,0.0404098821929319,8.0,True
54.473684210526315,10,0.11062730412954315,0.7529998226697217,0.04557008086613323,8.4,True
54.473684210526315,11,0.13368524347882846,0.4646177707485104,0.002720252543030863,7.6000000000000005,True
54.473684210526315,12,0.11624935239296251,0.7174056415922515,0.01431015604386453,8.200000000000001,True
54.473684210526315,13,0.08698497397036827,0.8668506753030734,0.20162924712492242,10.8,True
54.473684210526315,14,0.10979569086240708,0.6619532144714066,0.014888321882230889,8.200000000000001,True
54.473684210526315,15,0.10350695532308056,0.6231122902104095,0.031025232537597265,8.4,True
54.473684210526315,16,0.12826438120154202,0.48634356600566714,5.871057625109811e-05,8.200000000000001,True
54.473684210526315,17,0.05396434221451887,0.9419813237453296,0.46111503442190216,18.0,True
54.473684210526315,18,0.04751365630992366,0.9396451790029903,0.4092725207756563,17.6,True
54.473684210526315,19,0.0961746810685857,0.9645480691134602,0.37140450391841073,13.200000000000001,True
54.473684210526315,20,0.05442852394059497,0.7721742288350972,0.010751758027010226,10.0,True
54.473684210526315,21,0.12872432147343324,0.567750759135196,0.005453633382934789,8.200000000000001,True
54.473684210526315,22,0.053117625542534366,0.6825037188496342,0.009687606454519394,9.8,True
54.473684210526315,23,0.04155072398773557,0.9231550374204175,0.3224755604617309,16.2,True
54.473684210526315,24,0.07772138984292058,0.48039872522567517,0.01965532929261298,9.4,True
54.473684210526315,25,0.06236914837145274,0.7857667870379836,0.011296466371982368,9.8,True
54.473684210526315,26,0.16213847249005447,0.9613166415057554,0.37490085674964363,10.8,True
54.473684210526315,27,0.03718447300617235,0.5134295409610433,0.034076309097067166,10.4,True
54.473684210526315,28,0.03951503427353967,0.9188102748616465,0.3975184145981342,18.2,True
54.473684210526315,29,0.15116941731808384,0.7393332897873115,0.054817246633553446,7.800000000000001,True
57.89473684210526,0,0.027068016471065805,0.6706957303023623,0.01781651679156999,10.200000000000001,True
57.89473684210526,1,0.17178327979402255,0.7672735271736761,0.044340503099459895,7.4,True
57.89473684210526,2,0.04725459098536301,0.9882487791452413,0.4070882301367733,13.4,True
57.89473684210526,3,0.09898753220330334,0.9839866007001558,0.36535640334759,10.8,True
57.89473684210526,4,0.08360400392879888,0.7716139865427152,0.007042893580128283,8.4,True
57.89473684210526,5,0.07137370022589679,0.5562645773448217,0.005680591350887729,9.0,True
57.89473684210526,6,0.1585831370129632,0.7741321413701119,0.019727003534035118,7.4,True
57.89473684210526,7,0.08538710037867406,0.687335452028045,0.03482320501795902,8.4,True
57.89473684210526,8,0.16828310263823892,0.9630287908113404,0.3011349130292548,8.8,True
57.89473684210526,9,0.07268199353564313,0.6980755751018902,0.031236382673567094,8.6,True
57.89473684210526,10,0.09389086583195973,0.8123143753991855,0.030491946285887004,8.4,True
57.89473684210526,11,0.07131448747105218,0.6401519431694479,0.020822603315785202,8.8,True
57.89473684210526,12,0.03514236291990219,0.5413344478276851,0.03977125911799624,10.0,True
57.89473684210526,13,0.08225547384353281,0.5679964349080789,0.030946982581617155,8.8,True
57.89473684210526,14,0.14088632679574836,0.5915822992899542,0.045473443505805955,7.800000000000001,True
57.89473684210526,15,0.16840077754000793,0.7785669909906123,0.03679212124453688,7.4,True
57.89473684210526,16,0.02841215845168886,0.9700359400620485,0.3236403140141473,13.8,True
57.89473684210526,17,0.16782406408726877,0.7684376386126334,0.00025403393638301857,7.4,True
57.89473684210526,18,0.026166719891749714,0.824230343118457,0.030946740760756323,10.8,True
57.89473684210526,19,0.024245189952971896,0.8589029786723119,0.046867993538805,11.200000000000001,True
57.89473684210526,20,0.09942679719028932,0.7061665921964901,0.00030102098590451156,8.200000000000001,True
57.89473684210526,21,0.14586395399897586,0.6318938367103579,0.04833199908803968,7.800000000000001,True
57.89473684210526,22,0.07968969400928849,0.760792850846888,0.014868798350963016,8.4,True
57.89473684210526,23,0.04569413001358699,0.8761993468597304,0.03671007803123313,9.8,True
57.89473684210526,24,0.10583806780036012,0.9809787744149545,0.487055251632003,11.600000000000001,True
57.89473684210526,25,0.15690273947238456,0.5531851110207684,0.0326849981865869,7.800000000000001,True
57.89473684210526,26,0.16050358794488598,0.6559551650469158,0.005560839126457174,7.6000000000000005,True
57.89473684210526,27,0.14975406435838748,0.7149699532491944,0.031041597419754825,7.6000000000000005,True
57.89473684210526,28,0.1771430874108551,0.7839662867717396,0.02337386621163558,7.2,True
57.89473684210526,29,0.07919749885555165,0.679690610959725,0.006511949574826783,8.6,True
61.31578947368421,0,0.1471600893468115,0.9107442720028727,0.01564184240153749,7.4,True
61.31578947368421,1,0.06860745894559106,0.9308838409841473,0.027429892800487736,8.6,True
61.31578947368421,2,0.10327319100275643,0.7050216430748255,0.03795697232681529,8.200000000000001,True
61.31578947368421,3,0.046142672023912715,0.8175819074373345,0.020720370433118206,9.0,True
61.31578947368421,4,0.11899436450714274,0.4720522554300267,0.02539499584514802,8.4,True
61.31578947368421,5,0.10356014303717954,0.5678795215702426,0.00767930097985164,8.4,True
61.31578947368421,6,0.050155888481968225,0.6392775929348414,0.0053245582117734305,9.200000000000001,True
61.31578947368421,7,0.17157116731673672,0.6727467338226994,0.0444933281378712,7.4,True
61.31578947368421,8,0.17590673969741547,0.4944044040015065,0.035841820736424675,7.0,True
61.31578947368421,9,0.15942545387859422,0.7988289386817006,0.0235964366746577,7.4,True
61.31578947368421,10,0.08897221722207013,0.46974438730404733,0.029403041320910147,9.200000000000001,True
61.31578947368421,11,0.17896687948589557,0.9772891392845637,0.14277565007859883,7.6000000000000005,True
61.31578947368421,12,0.1329275205807181,0.615970676683312,0.04966440343733752,8.0,True
61.31578947368421,13,0.027218359313484566,0.9647307561060943,0.18334801678953316,11.0,True
61.31578947368421,14,0.03880070116041624,0.4829033855245145,0.04590892153798148,10.200000000000001,True
61.31578947368421,15,0.0449212273559327,0.7441939841367288,0.05036596718332903,9.200000000000001,True
61.31578947368421,16,0.11079169816789174,0.6684783158100532,0.024475883016969575,8.200000000000001,True
61.31578947368421,17,0.030098747312619363,0.9828137767488794,0.19057487060292946,10.8,True
61.31578947368421,18,0.05029815866765661,0.6073260160122174,0.053040525719031346,9.200000000000001,True
61.31578947368421,19,0.03508576855808112,0.9270166722756497,0.04403584658887713,9.600000000000001,True
61.31578947368421,20,0.1528030686654445,0.986743647202343,0.2736765179606263,8.4,True
61.31578947368421,21,0.17094117620445645,0.5198143912350058,0.04376837108418336,7.4,True
61.31578947368421,22,0.10730811105296764,0.7489225772939234,0.04944068669762826,8.0,True
61.31578947368421,23,0.1754886109834738,0.8376610776737495,0.02656161142094812,7.2,True
61.31578947368421,24,0.09302461726429526,0.66248780147275,0.01988794662649645,8.4,True
61.31578947368421,25,0.08264109466950903,0.49936427938815736,0.0042589846893241025,9.0,True
61.31578947368421,26,0.14477917501956988,0.6953400911061244,0.05118764686995413,7.6000000000000005,True
61.31578947368421,27,0.1179553613750324,0.46934679020143083,0.008663783772461372,8.4,True
61.31578947368421,28,0.052931166882081215,0.9866548134143133,0.1898736174032864,9.8,True
61.31578947368421,29,0.10252090820608821,0.9648973124021079,0.19664609521960702,8.8,True
64.73684210526315,0,0.05781766966136713,0.47701470406252205,0.008448100789576718,9.8,True
64.73684210526315,1,0.030132556592409293,0.557318332600785,0.031271334308705455,10.0,True
64.73684210526315,2,0.16599180740730268,0.745470386031887,0.034429425618449444,7.4,True
64.73684210526315,3,0.05229876025752658,0.8903209913706176,0.03397838996780708,8.8,True
64.73684210526315,4,0.15826189267083596,0.9718637088531813,0.020403909533803454,7.2,True
64.73684210526315,5,0.0344926493656703,0.5742609268542304,0.02408128611217105,9.8,True
64.73684210526315,6,0.1713109842919157,0.6580704023053784,0.042392526751595355,7.4,True
64.73684210526315,7,0.1064762707473208,0.5505448237370371,0.017640376542439842,8.4,True
64.73684210526315,8,0.12451070160365099,0.8200693670766914,0.02391178607449754,7.800000000000001,True
64.73684210526315,9,0.056583296425938345,0.8470487287319719,0.009288017288699314,8.6,True
64.73684210526315,10,0.16986715069842026,0.5533469684700622,0.005902179955788625,7.6000000000000005,True
64.73684210526315,11,0.09962363237846061,0.7357522789603317,0.027950610312803468,8.200000000000001,True
64.73684210526315,12,0.08986679829421432,0.9971481910562846,0.08800887204685237,8.200000000000001,True
64.73684210526315,13,0.09647145291837296,0.6819713344930087,0.0036754165085804602,8.200000000000001,True
64.73684210526315,14,0.11487306098393857,0.5753822747227503,0.03506849391259775,8.200000000000001,True
64.73684210526315,15,0.028133353911756344,0.9897629056891509,0.06245508503929877,9.600000000000001,True
64.73684210526315,16,0.16348085945451174,0.7115586452781142,0.003318195021582196,7.4,True
64.73684210526315,17,0.1515541673750091,0.8065010513169238,0.04299663761656699,7.4,True
64.73684210526315,18,0.08850717816141973,0.8008652093356547,0.04709259520881342,8.200000000000001,True
64.73684210526315,19,0.12097047085950201,0.6412204991597468,0.036439127690140995,8.0,True
64.73684210526315,20,0.12749667017825078,0.9783228293786438,0.03137679813857744,7.6000000000000005,True
64.73684210526315,21,0.088013082802261,0.8966676286528825,0.027816927310850774,8.200000000000001,True
64.73684210526315,22,0.13785169489851729,0.7028402054494756,0.011852232799698527,7.800000000000001,True
64.73684210526315,23,0.13923261484496172,0.5221353430515905,0.010922101494221946,8.0,True
64.73684210526315,24,0.12029199724547339,0.8609983901056384,0.04920783377772983,7.800000000000001,True
64.73684210526315,25,0.06361383958654267,0.5108983422303048,0.05258256627374461,9.4,True
64.73684210526315,26,0.04470769408354279,0.5587168402400517,0.016023119945715616,9.600000000000001,True
64.73684210526315,27,0.10470261664420599,0.935554061318743,0.04183003125014269,7.800000000000001,True
64.73684210526315,28,0.13330520861482162,0.546349312320802,0.019672544733928585,8.0,True
64.73684210526315,29,0.09654478817386848,0.5310842744170722,0.015038633616966989,8.8,True
68.15789473684211,0,0.06933331263245508,0.5200019090809715,0.030263183054954172,9.200000000000001,True
68.15789473684211,1,0.13280451144387087,0.48846239731227364,0.02646177059697324,8.0,True
68.15789473684211,2,0.1451537912428472,0.8613945709238457,0.04482902029203148,7.4,True
68.15789473684211,3,0.09171850130729713,0.9013063954519234,0.013241418916784823,8.0,True
68.15789473684211,4,0.07772968982680245,0.5469955670297907,0.025711649668571455,9.0,True
68.15789473684211,5,0.08272960358647093,0.5825099140278717,0.04134793900769299,8.8,True
68.15789473684211,6,0.07021548353786346,0.6000423815802096,0.007198968196777229,8.8,True
68.15789473684211,7,0.09021147228831179,0.6166305458605161,0.020310006273753275,8.6,True
68.15789473684211,8,0.05775956201928842,0.8697355194009453,0.05115018410450946,8.6,True
68.15789473684211,9,0.09966909644622203,0.803649132837458,0.04769447521336884,8.0,True
68.15789473684211,10,0.17981274197338537,0.7874340666014077,0.04893787065969279,7.2,True
68.15789473684211,11,0.16537731944890272,0.8852983182941923,0.025351226509021066,7.2,True
68.15789473684211,12,0.03298464006782389,0.45869305549207356,0.026246034830560858,10.600000000000001,True
68.15789473684211,13,0.09909032536553884,0.6740493133246348,0.031249204321025053,8.200000000000001,True
68.15789473684211,14,0.10834603252870834,0.9101371725679811,0.005976140679424434,7.800000000000001,True
68.15789473684211,15,0.05602842657688728,0.8861527384277967,0.04663102769730101,8.6,True
68.15789473684211,16,0.17917187417933883,0.9301016090128963,0.048944445388978214,7.2,True
68.15789473684211,17,0.07029567082078478,0.6709138987051569,0.01474468076513031,8.6,True
68.15789473684211,18,0.1170079037108345,0.9663429448138711,0.018955248758138976,7.6000000000000005,True
68.15789473684211,19,0.10912028510103204,0.6129647967494167,0.009338998557498914,8.200000000000001,True
68.15789473684211,20,0.05122968477098491,0.48186993949597146,0.052211143765509165,9.8,True
68.15789473684211,21,0.08446073736122074,0.9087664906011594,0.03747312099793302,8.200000000000001,True
68.15789473684211,22,0.050707385825773665,0.5465042356184983,0.04465935108307997,9.4,True
68.15789473684211,23,0.06235387369912598,0.9523068510360867,0.007703047257921985,8.4,True
68.15789473684211,24,0.12843337831271512,0.8979606318170137,0.012939101362860478,7.6000000000000005,True
68.15789473684211,25,0.06419317815305056,0.9804853873765609,0.014552868294038707,8.4,True
68.15789473684211,26,0.08879312798400765,0.6878835762833013,0.013916911246132598,8.4,True
68.15789473684211,27,0.1441265738299345,0.8745171387760353,0.020807490782308213,7.4,True
68.15789473684211,28,0.15362012657291738,0.5671912139194513,0.00023681766172232557,7.800000000000001,True
68.15789473684211,29,0.11138677792891857,0.9967427748488081,0.0021254370404786534,7.800000000000001,True
71.57894736842105,0,0.05327969179335369,0.7354030533678964,0.04454674050446789,9.0,True
71.57894736842105,1,0.03424672081200852,0.6673790595673919,0.041089169034643755,9.600000000000001,True
71.57894736842105,2,0.07944691334501786,0.5538600312616014,0.010752270506812305,8.8,True
71.57894736842105,3,0.08560780590639909,0.7136793911432401,0.04739979297988078,8.4,True
71.57894736842105,4,0.12276038697087897,0.8297210749835258,0.05406429443447489,7.800000000000001,True
71.57894736842105,5,0.0858949504481558,0.6718449217870206,0.05078408322491968,8.4,True
71.57894736842105,6,0.059340093920809384,0.8513983854665766,0.04150152260199741,8.6,True
71.57894736842105,7,0.03564607959127089,0.7075272731314712,0.011030935922685474,9.4,True
71.57894736842105,8,0.04966004364839771,0.7051054607545819,0.015918633912943576,9.0,True
71.57894736842105,9,0.14736967162013934,0.9491826902647653,0.044149633290860114,7.4,True
71.57894736842105,10,0.06256493961946644,0.6007739165287346,0.01401005925646071,9.0,True
71.57894736842105,11,0.04160609536899777,0.9690891024570412,0.02211262889863882,9.0,True
71.57894736842105,12,0.0559503159273398,0.915669077779534,0.02195574164617848,8.6,True
71.57894736842105,13,0.025618689777546652,0.5390678636372971,0.03515876871958935,10.200000000000001,True
71.57894736842105,14,0.14526484386747582,0.5660139136687921,0.05045675740963783,7.800000000000001,True
71.57894736842105,15,0.1561595392083463,0.9166094147335946,0.012521363073956779,7.4,True
71.57894736842105,16,0.028085758184009234,0.927082946715421,0.01681901258062121,9.4,True
71.57894736842105,17,0.11902662098776415,0.8679817860354015,0.00705612921811161,7.800000000000001,True
71.57894736842105,18,0.14493413672304767,0.9661813024285862,0.040060623116052504,7.4,True
71.57894736842105,19,0.0905956397568893,0.9321729763134365,0.029010169653990746,8.0,True
71.57894736842105,20,0.13916334845068065,0.9012782691222323,0.04121440739344533,7.4,True
71.57894736842105,21,0.06605678016770464,0.514814145498207,0.013108619114913308,9.4,True
71.57894736842105,22,0.10045998991685652,0.7279023072612028,0.03204543921229957,8.200000000000001,True
71.57894736842105,23,0.08321629400766255,0.8827902597975152,0.05022345626909644,8.200000000000001,True
71.57894736842105,24,0.05947600855671541,0.8550877697360384,0.03728845188997746,8.6,True
71.57894736842105,25,0.1036944798846904,0.5536916286307881,0.04373777422204903,8.6,True
71.57894736842105,26,0.17370020570061323,0.8470099827284874,0.05048229981441538,7.2,True
71.57894736842105,27,0.17746964239167995,0.643627870831581,0.03510229541094854,7.4,True
71.57894736842105,28,0.09582923802209248,0.9926458107747765,0.005159430320424871,8.0,True
71.57894736842105,29,0.08597998628755595,0.93154647448998,0.015622822078958352,8.0,True
75.0,0,0.14604685610221962,0.6605307395291407,0.05389881969395871,7.800000000000001,True
75.0,1,0.16136477382779318,0.6157261967144384,0.042360621244582036,7.6000000000000005,True
75.0,2,0.07389704701332299,0.7834995621185443,0.03621644226163106,8.4,True
75.0,3,0.15273526545371277,0.46344796248510817,0.012108684013376484,6.800000000000001,True
75.0,4,0.1339068496941726,0.7599377803332454,0.027258279301062872,7.6000000000000005,True
75.0,5,0.028833593073276875,0.6415517359038009,0.047580512755085666,9.8,True
75.0,6,0.02494285392576515,0.6680399294506466,0.0519831558218925,10.0,True
75.0,7,0.02814091752720234,0.8623381630745501,0.014168693890012006,9.4,True
75.0,8,0.1586574131445876,0.8603373884276508,0.04871378439720996,7.4,True
75.0,9,0.05454796646900256,0.7422110151502327,0.04285984689661405,8.8,True
75.0,10,0.05931195887919696,0.5769104678969693,0.0014950173423671767,9.200000000000001,True
75.0,11,0.17336244703607237,0.8405092840300428,0.03495581947056017,7.2,True
75.0,12,0.13903915563119854,0.7423871052824916,0.026187360159972573,7.6000000000000005,True
75.0,13,0.09192515857976334,0.8022415666570026,0.011084423646581076,8.200000000000001,True
75.0,14,0.16208939120237914,0.8964638041705958,0.019225998629861865,7.2,True
75.0,15,0.1125774874900039,0.527565014972508,0.0534790436363479,8.4,True
75.0,16,0.16446283002084536,0.9570436285745603,0.01826896762368984,7.2,True
75.0,17,0.04706155318125692,0.5664746899064707,0.004950076507479943,9.4,True
75.0,18,0.039217700816221494,0.4892174938016649,0.05444026880626805,10.200000000000001,True
75.0,19,0.03184922933905178,0.5228981445232774,0.04549900275749051,10.200000000000001,True
75.0,20,0.1128384346788709,0.8759294625131329,0.03470016042749603,7.800000000000001,True
75.0,21,0.16114801125263167,0.8011571402706072,0.028716880109673302,7.4,True
75.0,22,0.13403995100180796,0.6960660134856602,0.01903351025976041,7.800000000000001,True
75.0,23,0.094824392392034,0.5433427578042084,0.04381144513914803,8.6,True
75.0,24,0.06171260501375114,0.534442350485376,0.013549373298077476,9.200000000000001,True
75.0,25,0.15473122428355834,0.6316107125787522,0.037732742822824517,7.6000000000000005,True
75.0,26,0.15702554090491827,0.49275956680877314,0.042076342284792366,7.4,True
75.0,27,0.06922647462064481,0.5691423003012235,0.037889579884913475,9.0,True
75.0,28,0.1655674596373174,0.6122605647918175,0.03128585929613755,7.6000000000000005,True
75.0,29,0.06637345821591864,0.7548570721495353,0.03420241168598873,8.6,True
