DATE,P_rec,R_nber,L_idx,C_claims,C_ff,C_yield_curve,I_sent,unrate,indpro
1990-01-01,0.64,0.0,1.71,,8.23,,93.0,5.4,61.729
1990-01-31,,,,361000.0,,0.12142857142857141,,,
1990-02-01,0.36,0.0,1.45,,8.24,,89.5,5.3,62.2896
1990-02-28,,,,358250.0,,0.10263157894736842,,,
1990-03-01,0.58,0.0,1.67,,8.28,,91.3,5.2,62.5999
1990-03-31,,,,345200.0,,-0.038181818181818185,,,
1990-04-01,1.36,0.0,1.31,,8.26,,93.9,5.4,62.4359
1990-04-30,,,,361750.0,,0.0615,,,
1990-05-01,1.7,0.0,1.1,,8.18,,90.6,5.4,62.6258
1990-05-31,,,,355250.0,,0.11590909090909092,,,
1990-06-01,3.24,0.0,1.07,,8.29,,88.3,5.2,62.8382
1990-06-30,,,,362400.0,,0.12904761904761905,,,
1990-07-01,8.94,0.0,0.64,,8.15,,88.2,5.5,62.7284
1990-07-31,,,,367000.0,,0.3142857142857143,,,
1990-08-01,16.94,1.0,0.42,,8.13,,76.4,5.7,62.9475
1990-08-31,,,,384250.0,,0.691304347826087,,,
1990-09-01,35.32,1.0,-0.11,,8.2,,72.8,5.9,62.9523
1990-09-30,,,,394000.0,,0.8136842105263158,,,
1990-10-01,57.24,1.0,-0.07,,8.11,,63.9,5.9,62.5845
1990-10-31,,,,425250.0,,0.8418181818181818,,,
1990-11-01,62.42,1.0,-0.26,,7.81,,66.0,6.2,61.7887
1990-11-30,,,,446750.0,,0.7935,,,
1990-12-01,60.6,1.0,-0.3,,7.31,,65.5,6.3,61.3352
1990-12-31,,,,455000.0,,0.761,,,
1991-01-01,57.38,1.0,-0.22,,6.91,,66.8,6.4,61.1355
1991-01-31,,,,439750.0,,0.9676190476190476,,,
1991-02-01,49.04,1.0,-0.3,,6.25,,70.4,6.6,60.6838
1991-02-28,,,,484000.0,,0.9878947368421053,,,
1991-03-01,31.8,1.0,-0.31,,6.12,,87.7,6.8,60.3346
1991-03-31,,,,498600.0,,1.0070000000000001,,,
1991-04-01,3.8,0.0,0.05,,5.91,,81.8,6.7,60.4938
1991-04-30,,,,467250.0,,1.0909090909090908,,,
1991-05-01,0.78,0.0,0.45,,5.78,,78.3,6.9,61.0633
1991-05-31,,,,447000.0,,1.2840909090909092,,,
1991-06-01,0.48,0.0,0.83,,5.9,,82.1,6.9,61.5581
1991-06-30,,,,428600.0,,1.328,,,
1991-07-01,0.54,0.0,1.22,,5.82,,82.9,6.8,61.7305
1991-07-31,,,,418250.0,,1.355,,,
1991-08-01,0.5,0.0,0.91,,5.66,,82.0,6.9,61.7298
1991-08-31,,,,431600.0,,1.466818181818182,,,
1991-09-01,0.52,0.0,0.94,,5.45,,83.0,6.9,62.2195
1991-09-30,,,,424500.0,,1.4685000000000001,,,
1991-10-01,0.78,0.0,0.82,,5.21,,78.3,7.0,62.1855
1991-10-31,,,,422750.0,,1.615,,,
1991-11-01,0.96,0.0,0.7,,4.81,,69.1,7.0,62.0871
1991-11-30,,,,445400.0,,1.858421052631579,,,
1991-12-01,1.1,0.0,0.73,,4.43,,68.2,7.3,61.7852
1991-12-31,,,,456750.0,,2.0628571428571427,,,
1992-01-01,0.42,0.0,0.83,,4.03,,67.5,7.3,61.4616
1992-01-31,,,,439000.0,,2.0742857142857143,,,
1992-02-01,0.1,0.0,1.01,,4.06,,68.8,7.4,61.8955
1992-02-29,,,,442200.0,,2.1257894736842107,,,
1992-03-01,0.14,0.0,1.17,,3.98,,76.0,7.4,62.4232
1992-03-31,,,,429500.0,,1.8572727272727272,,,
1992-04-01,0.14,0.0,1.28,,3.73,,77.2,7.4,62.897
1992-04-30,,,,418250.0,,2.136190476190476,,,
1992-05-01,0.2,0.0,1.4,,3.82,,79.2,7.6,63.104
1992-05-31,,,,417400.0,,2.1665,,,
1992-06-01,0.2,0.0,1.37,,3.76,,80.4,7.8,63.1363
1992-06-30,,,,418750.0,,2.213636363636364,,,
1992-07-01,0.2,0.0,1.23,,3.25,,76.6,7.7,63.7176
1992-07-31,,,,442750.0,,2.489090909090909,,,
1992-08-01,0.78,0.0,1.31,,3.3,,76.1,7.6,63.3613
1992-08-31,,,,407200.0,,2.392857142857143,,,
1992-09-01,0.42,0.0,1.45,,3.22,,75.6,7.6,63.5703
1992-09-30,,,,417000.0,,2.520952380952381,,,
1992-10-01,0.24,0.0,1.75,,3.1,,73.3,7.3,63.9995
1992-10-31,,,,377800.0,,2.5061904761904765,,,
1992-11-01,0.24,0.0,1.75,,3.09,,85.3,7.4,64.2422
1992-11-30,,,,362250.0,,2.2936842105263158,,,
1992-12-01,0.24,0.0,2.18,,2.92,,91.0,7.4,64.3507
1992-12-31,,,,339000.0,,2.096363636363636,,,
1993-01-01,0.26,0.0,1.79,,3.02,,89.3,7.3,64.5978
1993-01-31,,,,345600.0,,2.21,,,
1993-02-01,0.32,0.0,2.1,,3.03,,86.6,7.1,64.9089
1993-02-28,,,,338250.0,,2.1605263157894736,,,
1993-03-01,0.92,0.0,1.61,,3.07,,85.9,7.0,64.8522
1993-03-31,,,,351000.0,,2.0256521739130435,,,
1993-04-01,0.24,0.0,1.64,,2.96,,85.6,7.1,65.0301
1993-04-30,,,,354750.0,,2.131904761904762,,,
1993-05-01,0.4,0.0,1.45,,3.0,,80.3,7.1,64.784
1993-05-31,,,,343600.0,,2.0585,,,
1993-06-01,0.28,0.0,1.6,,3.04,,81.5,7.0,64.9301
1993-06-30,,,,342750.0,,1.799090909090909,,,
1993-07-01,0.18,0.0,1.92,,3.06,,77.0,6.9,65.1052
1993-07-31,,,,350800.0,,1.7333333333333332,,,
1993-08-01,0.18,0.0,2.0,,3.03,,77.3,6.8,65.0267
1993-08-31,,,,341000.0,,1.6763636363636365,,,
1993-09-01,0.1,0.0,2.04,,3.09,,77.9,6.7,65.3717
1993-09-30,,,,339000.0,,1.512857142857143,,,
1993-10-01,0.12,0.0,1.76,,2.99,,82.7,6.8,65.8509
1993-10-31,,,,349800.0,,1.4594999999999998,,,
1993-11-01,0.12,0.0,2.09,,3.02,,81.2,6.6,66.1518
1993-11-30,,,,341000.0,,1.5685,,,
1993-12-01,0.06,0.0,2.26,,2.96,,88.2,6.5,66.5436
1993-12-31,,,,323000.0,,1.5618181818181818,,,
1994-01-01,0.06,0.0,1.94,,3.05,,94.3,6.6,66.7351
1994-01-31,,,,359200.0,,1.6105,,,
1994-02-01,0.1,0.0,1.95,,3.25,,93.2,6.6,66.774
1994-02-28,,,,348500.0,,1.4989473684210526,,,
1994-03-01,0.04,0.0,2.01,,3.34,,91.5,6.5,67.4552
1994-03-31,,,,335750.0,,1.4873913043478262,,,
1994-04-01,0.04,0.0,2.2,,3.56,,92.6,6.4,67.8541
1994-04-30,,,,344000.0,,1.4226315789473685,,,
1994-05-01,0.1,0.0,2.2,,4.01,,92.8,6.1,68.1663
1994-05-31,,,,359000.0,,1.2152380952380952,,,
1994-06-01,0.1,0.0,2.27,,4.25,,91.2,6.1,68.6265
1994-06-30,,,,340000.0,,1.17,,,
1994-07-01,0.1,0.0,2.18,,4.26,,89.0,6.1,68.7178
1994-07-31,,,,342200.0,,1.168,,,
1994-08-01,0.06,0.0,2.4,,4.47,,91.7,6.0,69.1785
1994-08-31,,,,336250.0,,1.058695652173913,,,
1994-09-01,0.12,0.0,2.08,,4.73,,91.5,5.9,69.3961
1994-09-30,,,,330250.0,,1.0647619047619048,,,
1994-10-01,0.12,0.0,2.08,,4.76,,92.7,5.8,69.9544
1994-10-31,,,,333400.0,,1.0154999999999998,,,
1994-11-01,0.1,0.0,2.14,,5.29,,91.6,5.6,70.4326
1994-11-30,,,,328000.0,,0.8065,,,
1994-12-01,0.12,0.0,2.13,,5.45,,95.1,5.5,71.1523
1994-12-31,,,,323200.0,,0.22428571428571428,,,
1995-01-01,0.2,0.0,2.03,,5.53,,97.6,5.6,71.2734
1995-01-31,,,,333500.0,,0.2725,,,
1995-02-01,0.5,0.0,1.68,,5.92,,95.1,5.4,71.193
1995-02-28,,,,337750.0,,0.35789473684210527,,,
1995-03-01,0.44,0.0,1.57,,5.98,,90.3,5.4,71.3113
1995-03-31,,,,340250.0,,0.42913043478260865,,,
1995-04-01,0.3,0.0,1.19,,6.05,,92.5,5.8,71.1882
1995-04-30,,,,350200.0,,0.4947368421052632,,,
1995-05-01,0.14,0.0,1.04,,6.01,,89.8,5.6,71.5378
1995-05-31,,,,370250.0,,0.46181818181818185,,,
1995-06-01,0.08,0.0,1.15,,6.0,,92.7,5.6,71.7749
1995-06-30,,,,366250.0,,0.4522727272727272,,,
1995-07-01,0.14,0.0,1.13,,5.85,,94.4,5.7,71.4748
1995-07-31,,,,371400.0,,0.49799999999999994,,,
1995-08-01,0.06,0.0,1.62,,5.74,,96.2,5.7,72.4223
1995-08-31,,,,356250.0,,0.5073913043478261,,,
1995-09-01,0.1,0.0,1.5,,5.8,,88.9,5.6,72.7144
1995-09-30,,,,362000.0,,0.3915,,,
1995-10-01,0.28,0.0,1.75,,5.76,,90.2,5.5,72.5866
1995-10-31,,,,371500.0,,0.3476190476190476,,,
1995-11-01,0.24,0.0,1.48,,5.8,,88.2,5.6,72.7779
1995-11-30,,,,377000.0,,0.45142857142857146,,,
1995-12-01,0.2,0.0,1.46,,5.6,,91.0,5.6,73.0305
1995-12-31,,,,365000.0,,0.387,,,
1996-01-01,0.42,0.0,1.47,,5.56,,89.3,5.6,72.6125
1996-01-31,,,,374000.0,,0.54,,,
1996-02-01,0.06,0.0,1.45,,5.22,,88.5,5.5,73.6752
1996-02-29,,,,377250.0,,0.78,,,
1996-03-01,0.12,0.0,1.42,,5.31,,93.7,5.5,73.585
1996-03-31,,,,386400.0,,0.6076190476190476,,,
1996-04-01,0.04,0.0,1.67,,5.22,,92.7,5.6,74.3172
1996-04-30,,,,359250.0,,0.5540909090909091,,,
1996-05-01,0.06,0.0,1.79,,5.24,,89.4,5.6,74.8726
1996-05-31,,,,344500.0,,0.6418181818181817,,,
1996-06-01,0.08,0.0,2.08,,5.27,,92.4,5.3,75.4433
1996-06-30,,,,342200.0,,0.615,,,
1996-07-01,0.22,0.0,2.0,,5.4,,94.7,5.5,75.4549
1996-07-31,,,,337000.0,,0.5954545454545455,,,
1996-08-01,0.14,0.0,2.0,,5.22,,95.3,5.1,75.8411
1996-08-31,,,,331800.0,,0.6063636363636363,,,
1996-09-01,0.1,0.0,1.73,,5.3,,94.7,5.2,76.3158
1996-09-30,,,,342750.0,,0.598,,,
1996-10-01,0.04,0.0,1.63,,5.24,,96.5,5.2,76.3384
1996-10-31,,,,339000.0,,0.620909090909091,,,
1996-11-01,0.04,0.0,1.48,,5.31,,99.2,5.4,77.0397
1996-11-30,,,,336400.0,,0.5021052631578947,,,
1996-12-01,0.04,0.0,1.45,,5.29,,96.9,5.4,77.5333
1996-12-31,,,,353500.0,,0.5204761904761904,,,
1997-01-01,0.04,0.0,1.61,,5.25,,97.4,5.3,77.6562
1997-01-31,,,,339000.0,,0.570952380952381,,,
1997-02-01,0.02,0.0,1.82,,5.19,,99.7,5.2,78.5833
1997-02-28,,,,320750.0,,0.5210526315789474,,,
1997-03-01,0.04,0.0,2.01,,5.39,,100.0,5.2,79.082
1997-03-31,,,,319400.0,,0.4725,,,
1997-04-01,0.12,0.0,1.91,,5.51,,101.4,5.1,79.1747
1997-04-30,,,,327000.0,,0.43727272727272726,,,
1997-05-01,0.02,0.0,2.04,,5.5,,103.2,4.9,79.6133
1997-05-31,,,,323800.0,,0.4342857142857143,,,
1997-06-01,0.04,0.0,1.94,,5.56,,104.5,5.0,79.9792
1997-06-30,,,,325500.0,,0.3990476190476191,,,
1997-07-01,0.04,0.0,2.03,,5.52,,107.1,4.9,80.6624
1997-07-31,,,,320250.0,,0.32954545454545453,,,
1997-08-01,0.06,0.0,1.58,,5.54,,104.4,4.8,81.4694
1997-08-31,,,,330200.0,,0.3595238095238095,,,
1997-09-01,0.02,0.0,1.93,,5.54,,106.0,4.9,82.2156
1997-09-30,,,,315250.0,,0.32666666666666666,,,
1997-10-01,0.02,0.0,2.02,,5.5,,105.6,4.7,82.9446
1997-10-31,,,,310000.0,,0.25772727272727275,,,
1997-11-01,0.02,0.0,2.05,,5.52,,107.2,4.6,83.5978
1997-11-30,,,,314600.0,,0.1622222222222222,,,
1997-12-01,0.08,0.0,2.09,,5.5,,102.1,4.7,83.9538
1997-12-31,,,,313250.0,,0.09363636363636364,,,
1998-01-01,0.1,0.0,1.88,,5.56,,106.6,4.6,84.3218
1998-01-31,,,,321200.0,,0.1875,,,
1998-02-01,0.1,0.0,1.87,,5.51,,110.4,4.6,84.4583
1998-02-28,,,,319000.0,,0.1568421052631579,,,
1998-03-01,0.14,0.0,1.66,,5.49,,106.5,4.7,84.488
1998-03-31,,,,315000.0,,0.08590909090909092,,,
1998-04-01,0.18,0.0,1.88,,5.45,,108.7,4.3,84.7779
1998-04-30,,,,311000.0,,0.07333333333333333,,,
1998-05-01,0.16,0.0,1.98,,5.49,,106.5,4.4,85.3367
1998-05-31,,,,311200.0,,0.059,,,
1998-06-01,0.98,0.0,1.68,,5.56,,105.6,4.5,84.8248
1998-06-30,,,,338000.0,,-0.023636363636363636,,,
1998-07-01,0.74,0.0,1.67,,5.54,,105.2,4.5,84.4986
1998-07-31,,,,333000.0,,0.0031818181818181815,,,
1998-08-01,0.18,0.0,1.69,,5.55,,104.4,4.5,86.248
1998-08-31,,,,312600.0,,0.07333333333333333,,,
1998-09-01,0.18,0.0,1.95,,5.51,,100.9,4.6,86.2021
1998-09-30,,,,304000.0,,0.14047619047619048,,,
1998-10-01,0.18,0.0,1.69,,5.07,,97.4,4.5,86.7914
1998-10-31,,,,310600.0,,0.43809523809523804,,,
1998-11-01,0.2,0.0,1.74,,4.83,,102.7,4.4,86.7256
1998-11-30,,,,316000.0,,0.28736842105263155,,,
1998-12-01,0.2,0.0,1.89,,4.68,,100.5,4.4,87.1185
1998-12-31,,,,316000.0,,0.13863636363636364,,,
1999-01-01,0.18,0.0,1.66,,4.63,,103.9,4.3,87.4949
1999-01-31,,,,326200.0,,0.1068421052631579,,,
1999-02-01,0.12,0.0,1.87,,4.76,,108.1,4.4,88.027
1999-02-28,,,,301500.0,,0.12263157894736842,,,
1999-03-01,0.12,0.0,1.86,,4.81,,105.7,4.2,88.2267
1999-03-31,,,,302750.0,,0.17956521739130435,,,
1999-04-01,0.2,0.0,1.8,,4.74,,104.6,4.3,88.4295
1999-04-30,,,,308500.0,,0.20772727272727273,,,
1999-05-01,0.06,0.0,1.68,,4.74,,106.8,4.2,88.9886
1999-05-31,,,,301600.0,,0.28500000000000003,,,
1999-06-01,0.14,0.0,1.67,,4.76,,107.3,4.3,88.9188
1999-06-30,,,,294000.0,,0.2809090909090909,,,
1999-07-01,0.1,0.0,1.86,,4.99,,106.0,4.3,89.4333
1999-07-31,,,,298000.0,,0.23714285714285716,,,
1999-08-01,0.16,0.0,1.74,,5.07,,104.5,4.2,89.7924
1999-08-31,,,,290750.0,,0.2609090909090909,,,
1999-09-01,0.28,0.0,1.62,,5.22,,107.2,4.2,89.4299
1999-09-30,,,,289500.0,,0.25333333333333335,,,
1999-10-01,0.04,0.0,1.69,,5.2,,103.2,4.1,90.523
1999-10-31,,,,290400.0,,0.2495,,,
1999-11-01,0.08,0.0,1.96,,5.42,,107.2,4.1,90.9618
1999-11-30,,,,281750.0,,0.172,,,
1999-12-01,0.1,0.0,1.9,,5.3,,105.4,4.0,91.6634
1999-12-31,,,,278500.0,,0.1709090909090909,,,
2000-01-01,0.26,0.0,1.61,,5.45,,112.0,4.0,91.538
2000-01-31,,,,288400.0,,0.221,,,
2000-02-01,0.32,0.0,1.48,,5.73,,111.3,4.1,91.8239
2000-02-29,,,,293750.0,,-0.091,,,
2000-03-01,0.18,0.0,1.88,,5.85,,107.1,4.0,92.1504
2000-03-31,,,,274750.0,,-0.2717391304347826,,,
2000-04-01,0.22,0.0,2.13,,6.02,,109.2,3.8,92.6989
2000-04-30,,,,271600.0,,-0.4131578947368421,,,
2000-05-01,0.48,0.0,1.85,,6.27,,110.7,4.0,92.9499
2000-05-31,,,,282250.0,,-0.3690909090909091,,,
2000-06-01,0.8,0.0,1.26,,6.53,,106.4,4.0,92.9862
2000-06-30,,,,291000.0,,-0.3845454545454546,,,
2000-07-01,1.02,0.0,0.99,,6.54,,108.3,4.0,92.8048
2000-07-31,,,,295000.0,,-0.28500000000000003,,,
2000-08-01,1.36,0.0,1.05,,6.5,,107.3,4.1,92.5521
2000-08-31,,,,312750.0,,-0.4026086956521739,,,
2000-09-01,1.38,0.0,1.06,,6.52,,106.8,3.9,92.9792
2000-09-30,,,,300200.0,,-0.28250000000000003,,,
2000-10-01,3.7,0.0,1.19,,6.51,,105.8,3.9,92.6179
2000-10-31,,,,301000.0,,-0.1738095238095238,,,
2000-11-01,5.02,0.0,0.97,,6.51,,107.6,3.9,92.6438
2000-11-30,,,,334250.0,,-0.15809523809523812,,,
2000-12-01,9.18,0.0,0.8,,6.4,,98.4,3.9,92.3415
2000-12-31,,,,346000.0,,-0.1115,,,
2001-01-01,16.72,0.0,0.95,,5.98,,94.7,4.2,91.902
2001-01-31,,,,340000.0,,0.40095238095238095,,,
2001-02-01,21.34,0.0,0.66,,5.49,,90.6,4.2,91.3034
2001-02-28,,,,371250.0,,0.4421052631578948,,,
2001-03-01,25.7,0.0,0.46,,5.31,,91.5,4.3,91.1162
2001-03-31,,,,387200.0,,0.5431818181818181,,,
2001-04-01,29.94,1.0,0.26,,4.8,,88.4,4.4,90.7891
2001-04-30,,,,396750.0,,0.907,,,
2001-05-01,29.04,1.0,0.44,,4.21,,92.0,4.3,90.3555
2001-05-31,,,,394500.0,,1.1313636363636363,,,
2001-06-01,29.62,1.0,0.6,,3.97,,92.6,4.5,89.8784
2001-06-30,,,,397200.0,,1.2042857142857142,,,
2001-07-01,28.18,1.0,0.28,,3.77,,92.4,4.6,89.3028
2001-07-31,,,,398000.0,,1.1976190476190476,,,
2001-08-01,26.32,1.0,0.39,,3.65,,91.5,4.9,89.2003
2001-08-31,,,,398000.0,,1.2139130434782608,,,
2001-09-01,25.52,1.0,-0.08,,3.07,,81.8,5.0,88.7485
2001-09-30,,,,435000.0,,1.6129411764705883,,,
2001-10-01,18.98,1.0,-0.32,,2.49,,82.7,5.3,88.5052
2001-10-31,,,,480750.0,,1.8409090909090908,,,
2001-11-01,14.86,1.0,-0.4,,2.09,,83.9,5.5,87.97
2001-11-30,,,,447500.0,,1.8690000000000002,,,
2001-12-01,6.6,0.0,-0.05,,1.82,,88.8,5.7,87.9324
2001-12-31,,,,416800.0,,1.9805,,,
2002-01-01,2.88,0.0,0.53,,1.73,,93.0,5.7,88.5176
2002-01-31,,,,408500.0,,2.0076190476190474,,,
2002-02-01,1.86,0.0,0.71,,1.74,,90.7,5.7,88.5278
2002-02-28,,,,399000.0,,1.8963157894736842,,,
2002-03-01,1.14,0.0,0.51,,1.73,,95.7,5.7,89.1686
2002-03-31,,,,415400.0,,1.7265000000000001,,,
2002-04-01,0.8,0.0,0.61,,1.75,,93.0,5.9,89.604
2002-04-30,,,,429250.0,,1.7881818181818183,,,
2002-05-01,0.6,0.0,0.73,,1.75,,96.9,5.8,89.964
2002-05-31,,,,409000.0,,1.9004545454545456,,,
2002-06-01,0.56,0.0,0.99,,1.75,,92.4,5.8,90.7061
2002-06-30,,,,387200.0,,1.9335,,,
2002-07-01,1.16,0.0,1.12,,1.73,,88.1,5.8,90.6769
2002-07-31,,,,386000.0,,2.096363636363636,,,
2002-08-01,0.88,0.0,0.91,,1.74,,87.6,5.7,90.5762
2002-08-31,,,,393600.0,,2.1236363636363635,,,
2002-09-01,1.02,0.0,0.97,,1.75,,86.1,5.7,90.6531
2002-09-30,,,,409500.0,,1.8655000000000002,,,
2002-10-01,0.94,0.0,0.88,,1.75,,80.6,5.7,90.4643
2002-10-31,,,,407500.0,,2.0290909090909093,,,
2002-11-01,0.72,0.0,0.72,,1.34,,84.2,5.9,90.9711
2002-11-30,,,,392200.0,,2.125263157894737,,,
2002-12-01,1.18,0.0,0.66,,1.24,,86.7,6.0,90.4652
2002-12-31,,,,414250.0,,2.1961904761904765,,,
2003-01-01,0.68,0.0,0.91,,1.24,,82.4,5.8,91.2361
2003-01-31,,,,395000.0,,2.305238095238095,,,
2003-02-01,1.26,0.0,0.69,,1.26,,79.9,5.9,91.3445
2003-02-28,,,,411000.0,,2.274736842105263,,,
2003-03-01,1.1,0.0,0.47,,1.25,,77.6,5.9,91.1044
2003-03-31,,,,427400.0,,2.2333333333333334,,,
2003-04-01,0.92,0.0,0.26,,1.26,,86.0,6.0,90.5617
2003-04-30,,,,436250.0,,2.336190476190476,,,
2003-05-01,0.34,0.0,0.47,,1.26,,92.1,6.1,90.537
2003-05-31,,,,424000.0,,2.1538095238095236,,,
2003-06-01,0.26,0.0,0.56,,1.22,,89.7,6.3,90.6527
2003-06-30,,,,421750.0,,2.107142857142857,,,
2003-07-01,0.18,0.0,0.93,,1.01,,90.9,6.2,91.1185
2003-07-31,,,,411500.0,,2.5013636363636365,,,
2003-08-01,0.42,0.0,1.13,,1.03,,89.3,6.1,90.9197
2003-08-31,,,,400200.0,,2.580952380952381,,,
2003-09-01,0.18,0.0,1.49,,1.01,,87.7,6.1,91.5059
2003-09-30,,,,395500.0,,2.568095238095238,,,
2003-10-01,0.16,0.0,1.56,,1.01,,89.6,6.0,91.6186
2003-10-31,,,,382000.0,,2.5427272727272725,,,
2003-11-01,0.14,0.0,1.53,,1.0,,93.7,5.8,92.2329
2003-11-30,,,,363000.0,,2.373333333333333,,,
2003-12-01,0.3,0.0,1.78,,0.98,,92.6,5.7,92.2602
2003-12-31,,,,358250.0,,2.3604545454545454,,,
2004-01-01,0.24,0.0,1.51,,1.0,,103.8,5.7,92.4006
2004-01-31,,,,360200.0,,2.3895,,,
2004-02-01,0.18,0.0,1.47,,1.01,,94.4,5.6,92.958
2004-02-29,,,,360750.0,,2.3442105263157895,,,
2004-03-01,0.16,0.0,1.61,,1.0,,95.8,5.8,92.5861
2004-03-31,,,,342000.0,,2.248695652173913,,,
2004-04-01,0.1,0.0,1.64,,1.0,,94.2,5.6,92.93
2004-04-30,,,,348250.0,,2.276666666666667,,,
2004-05-01,0.14,0.0,1.8,,1.0,,90.2,5.6,93.6013
2004-05-31,,,,336200.0,,2.182,,,
2004-06-01,0.96,0.0,1.53,,1.03,,95.6,5.6,92.871
2004-06-30,,,,349000.0,,1.9704761904761903,,,
2004-07-01,0.26,0.0,1.57,,1.26,,96.7,5.5,93.5649
2004-07-31,,,,343000.0,,1.8595238095238094,,,
2004-08-01,0.24,0.0,1.47,,1.43,,95.9,5.4,93.6277
2004-08-31,,,,340750.0,,1.7731818181818182,,,
2004-09-01,0.24,0.0,1.38,,1.61,,94.2,5.4,93.7467
2004-09-30,,,,337250.0,,1.6004761904761904,,,
2004-10-01,0.16,0.0,1.38,,1.76,,91.7,5.5,94.5465
2004-10-31,,,,334000.0,,1.5125,,,
2004-11-01,0.16,0.0,1.5,,1.93,,92.8,5.4,94.7813
2004-11-30,,,,328750.0,,1.342,,,
2004-12-01,0.14,0.0,1.37,,2.16,,97.1,5.4,95.5365
2004-12-31,,,,325250.0,,1.219090909090909,,,
2005-01-01,0.18,0.0,1.16,,2.28,,95.5,5.3,95.8801
2005-01-31,,,,343400.0,,0.999,,,
2005-02-01,0.18,0.0,1.54,,2.5,,94.1,5.4,96.5761
2005-02-28,,,,311750.0,,0.7805263157894737,,,
2005-03-01,0.46,0.0,1.39,,2.63,,92.6,5.2,96.4456
2005-03-31,,,,332000.0,,0.770909090909091,,,
2005-04-01,0.26,0.0,1.64,,2.79,,87.7,5.2,96.6532
2005-04-30,,,,323200.0,,0.6871428571428572,,,
2005-05-01,0.32,0.0,1.31,,3.0,,86.9,5.1,96.7402
2005-05-31,,,,327000.0,,0.5004761904761905,,,
2005-06-01,0.42,0.0,1.67,,3.04,,96.0,5.0,97.1753
2005-06-30,,,,325750.0,,0.3577272727272727,,,
2005-07-01,0.98,0.0,1.68,,3.26,,96.5,5.0,96.8676
2005-07-31,,,,324400.0,,0.3065,,,
2005-08-01,2.64,0.0,1.78,,3.5,,89.1,4.9,97.1833
2005-08-31,,,,315750.0,,0.21826086956521742,,,
2005-09-01,11.92,0.0,1.3,,3.62,,76.9,5.0,95.3005
2005-09-30,,,,382750.0,,0.2528571428571429,,,
2005-10-01,0.2,0.0,1.35,,3.78,,74.2,5.0,96.4572
2005-10-31,,,,352200.0,,0.1925,,,
2005-11-01,0.1,0.0,1.51,,4.0,,81.6,5.0,97.5414
2005-11-30,,,,317250.0,,0.11850000000000001,,,
2005-12-01,0.12,0.0,1.7,,4.16,,91.5,4.9,98.0452
2005-12-31,,,,316400.0,,0.06285714285714286,,,
2006-01-01,0.16,0.0,1.85,,4.29,,91.2,4.7,98.1999
2006-01-31,,,,295750.0,,0.020499999999999997,,,
2006-02-01,0.16,0.0,1.62,,4.49,,86.7,4.8,98.2413
2006-02-28,,,,290750.0,,-0.09947368421052633,,,
2006-03-01,0.16,0.0,1.58,,4.59,,88.9,4.7,98.4628
2006-03-31,,,,301750.0,,-0.009999999999999998,,,
2006-04-01,0.32,0.0,1.43,,4.79,,87.4,4.7,98.7618
2006-04-30,,,,303600.0,,0.10157894736842105,,,
2006-05-01,0.38,0.0,1.08,,4.94,,79.1,4.6,98.7869
2006-05-31,,,,332750.0,,0.14181818181818182,,,
2006-06-01,0.28,0.0,1.13,,4.99,,84.9,4.6,99.0997
2006-06-30,,,,305500.0,,-0.015454545454545453,,,
2006-07-01,0.36,0.0,0.72,,5.24,,84.7,4.7,99.0489
2006-07-31,,,,318800.0,,-0.031,,,
2006-08-01,0.22,0.0,1.01,,5.25,,82.0,4.7,99.4836
2006-08-31,,,,314250.0,,-0.026956521739130435,,,
2006-09-01,0.3,0.0,0.88,,5.25,,85.4,4.5,99.3183
2006-09-30,,,,316200.0,,-0.05,,,
2006-10-01,0.24,0.0,1.08,,5.25,,93.6,4.4,99.2044
2006-10-31,,,,315500.0,,-0.06666666666666668,,,
2006-11-01,0.18,0.0,0.82,,5.25,,92.1,4.5,99.1627
2006-11-30,,,,326250.0,,-0.14523809523809525,,,
2006-12-01,0.2,0.0,1.0,,5.24,,91.7,4.4,100.1735
2006-12-31,,,,324000.0,,-0.10900000000000001,,,
2007-01-01,0.54,0.0,1.28,,5.25,,96.9,4.6,99.8346
2007-01-31,,,,317250.0,,-0.11666666666666667,,,
2007-02-01,0.28,0.0,1.09,,5.26,,91.3,4.5,100.7753
2007-02-28,,,,322750.0,,-0.12631578947368421,,,
2007-03-01,0.26,0.0,1.34,,5.26,,88.4,4.4,100.9547
2007-03-31,,,,309400.0,,-0.009090909090909092,,,
2007-04-01,0.32,0.0,1.04,,5.25,,87.1,4.5,101.6334
2007-04-30,,,,320250.0,,0.027619047619047623,,,
2007-05-01,0.44,0.0,1.21,,5.25,,88.3,4.4,101.7306
2007-05-31,,,,304250.0,,-0.02,,,
2007-06-01,0.76,0.0,0.7,,5.25,,85.3,4.6,101.7893
2007-06-30,,,,315200.0,,0.12238095238095237,,,
2007-07-01,1.0,0.0,0.51,,5.26,,90.4,4.7,101.6672
2007-07-31,,,,313250.0,,0.18523809523809526,,,
2007-08-01,0.96,0.0,0.55,,5.02,,83.4,4.6,101.863
2007-08-31,,,,320000.0,,0.3617391304347826,,,
2007-09-01,1.18,0.0,0.4,,4.94,,83.4,4.7,102.0894
2007-09-30,,,,313400.0,,0.51,,,
2007-10-01,2.18,0.0,0.61,,4.76,,80.9,4.7,101.8015
2007-10-31,,,,328250.0,,0.56,,,
2007-11-01,3.12,0.0,0.43,,4.49,,76.1,4.7,102.3446
2007-11-30,,,,336000.0,,0.8119999999999999,,,
2007-12-01,9.7,0.0,0.25,,4.24,,75.5,5.0,102.3803
2007-12-31,,,,348200.0,,0.9804999999999999,,,
2008-01-01,22.38,1.0,0.41,,3.94,,78.4,5.0,102.2448
2008-01-31,,,,338750.0,,1.2685714285714287,,,
2008-02-01,47.1,1.0,0.32,,2.98,,70.8,4.9,101.8438
2008-02-29,,,,346750.0,,1.7645,,,
2008-03-01,63.26,1.0,0.19,,2.61,,69.5,5.1,101.5336
2008-03-31,,,,363400.0,,1.893,,,
2008-04-01,76.4,1.0,0.18,,2.28,,62.6,5.0,100.8785
2008-04-30,,,,359500.0,,1.627727272727273,,,
2008-05-01,82.9,1.0,0.0,,1.98,,59.8,5.4,100.2674
2008-05-31,,,,366800.0,,1.4342857142857142,,,
2008-06-01,87.64,1.0,-0.12,,2.0,,56.4,5.6,100.0335
2008-06-30,,,,383250.0,,1.3257142857142856,,,
2008-07-01,94.94,1.0,-0.41,,2.01,,61.2,5.8,99.676
2008-07-31,,,,398000.0,,1.4345454545454546,,,
2008-08-01,99.34,1.0,-0.79,,2.0,,63.0,6.1,98.1111
2008-08-31,,,,433000.0,,1.4652380952380952,,,
2008-09-01,99.6,1.0,-0.6,,1.81,,70.3,6.1,93.7895
2008-09-30,,,,464000.0,,1.61,,,
2008-10-01,90.06,1.0,-1.18,,0.97,,57.6,6.5,94.7219
2008-10-31,,,,475250.0,,2.2018181818181817,,,
2008-11-01,99.5,1.0,-1.77,,0.39,,55.3,6.8,93.4715
2008-11-30,,,,519800.0,,2.3138888888888887,,,
2008-12-01,99.6,1.0,-1.88,,0.16,,60.1,7.3,90.8357
2008-12-31,,,,564000.0,,1.5954545454545455,,,
2009-01-01,99.58,1.0,-2.32,,0.15,,61.2,7.8,88.57
2009-01-31,,,,572000.0,,1.7105000000000001,,,
2009-02-01,99.3,1.0,-2.29,,0.22,,56.3,8.3,88.031
2009-02-28,,,,644000.0,,1.894736842105263,,,
2009-03-01,99.28,1.0,-2.65,,0.18,,57.3,8.7,86.6528
2009-03-31,,,,659250.0,,1.8881818181818182,,,
2009-04-01,96.3,1.0,-2.21,,0.15,,65.1,9.0,85.9344
2009-04-30,,,,627750.0,,2.0,,,
2009-05-01,87.26,1.0,-1.29,,0.18,,68.7,9.4,85.0665
2009-05-31,,,,612000.0,,2.3635,,,
2009-06-01,62.38,1.0,-0.77,,0.21,,70.8,9.5,84.7459
2009-06-30,,,,598250.0,,2.5377272727272726,,,
2009-07-01,3.42,0.0,-0.21,,0.16,,66.0,9.5,85.7027
2009-07-31,,,,566500.0,,2.5431818181818184,,,
2009-08-01,0.82,0.0,-0.06,,0.16,,65.7,9.6,86.6426
2009-08-31,,,,559200.0,,2.4719047619047623,,,
2009-09-01,0.5,0.0,0.3,,0.15,,73.5,9.8,87.4063
2009-09-30,,,,547500.0,,2.4457142857142857,,,
2009-10-01,0.4,0.0,0.17,,0.12,,70.6,10.0,87.6419
2009-10-31,,,,525400.0,,2.4385714285714286,,,
2009-11-01,0.3,0.0,0.46,,0.12,,67.4,9.9,88.0221
2009-11-30,,,,494000.0,,2.599473684210526,,,
2009-12-01,0.26,0.0,0.65,,0.12,,72.5,9.9,88.3793
2009-12-31,,,,485500.0,,2.7154545454545453,,,
2010-01-01,0.22,0.0,0.54,,0.11,,74.4,9.8,89.3426
2010-01-31,,,,479800.0,,2.8042105263157895,,,
2010-02-01,0.18,0.0,0.76,,0.13,,73.6,9.8,89.6779
2010-02-28,,,,485750.0,,2.8342105263157897,,,
2010-03-01,0.1,0.0,1.1,,0.16,,73.6,9.9,90.2928
2010-03-31,,,,470250.0,,2.7686956521739132,,,
2010-04-01,0.12,0.0,1.14,,0.2,,72.2,9.9,90.5991
2010-04-30,,,,469000.0,,2.786363636363636,,,
2010-05-01,0.14,0.0,1.42,,0.2,,73.6,9.6,91.823
2010-05-31,,,,459400.0,,2.5895,,,
2010-06-01,0.48,0.0,1.45,,0.18,,76.0,9.4,91.9928
2010-06-30,,,,460500.0,,2.4795454545454545,,,
2010-07-01,0.32,0.0,1.41,,0.18,,67.8,9.4,92.3421
2010-07-31,,,,459200.0,,2.394761904761905,,,
2010-08-01,0.22,0.0,0.89,,0.19,,68.9,9.5,92.6805
2010-08-31,,,,475000.0,,2.178181818181818,,,
2010-09-01,0.2,0.0,0.51,,0.19,,68.2,9.5,92.9537
2010-09-30,,,,453500.0,,2.1676190476190476,,,
2010-10-01,0.14,0.0,0.79,,0.19,,67.7,9.4,92.6903
2010-10-31,,,,446800.0,,2.164,,,
2010-11-01,0.12,0.0,1.4,,0.19,,71.6,9.8,92.7709
2010-11-30,,,,426250.0,,2.309,,,
2010-12-01,0.1,0.0,1.52,,0.18,,74.5,9.3,93.6787
2010-12-31,,,,420250.0,,2.6727272727272724,,,
2011-01-01,0.12,0.0,1.43,,0.17,,74.2,9.1,93.4814
2011-01-31,,,,426800.0,,2.7794999999999996,,,
2011-02-01,0.34,0.0,1.49,,0.16,,77.5,9.0,93.1102
2011-02-28,,,,401500.0,,2.803684210526316,,,
2011-03-01,0.18,0.0,1.65,,0.14,,67.5,9.0,94.0788
2011-03-31,,,,406000.0,,2.7169565217391307,,,
2011-04-01,0.28,0.0,1.53,,0.1,,69.8,9.1,93.7749
2011-04-30,,,,420600.0,,2.7205000000000004,,,
2011-05-01,0.22,0.0,1.3,,0.09,,74.3,9.0,93.888
2011-05-31,,,,422500.0,,2.6133333333333333,,,
2011-06-01,0.06,0.0,1.23,,0.09,,71.5,9.1,94.172
2011-06-30,,,,418250.0,,2.591818181818182,,,
2011-07-01,0.08,0.0,1.31,,0.07,,63.7,9.0,94.636
2011-07-31,,,,412600.0,,2.5965,,,
2011-08-01,0.18,0.0,1.64,,0.1,,55.8,9.0,95.2749
2011-08-31,,,,409500.0,,2.072608695652174,,,
2011-09-01,0.36,0.0,1.38,,0.08,,59.5,9.0,95.1961
2011-09-30,,,,417750.0,,1.7638095238095237,,,
2011-10-01,0.18,0.0,1.56,,0.07,,60.8,8.8,95.8568
2011-10-31,,,,402400.0,,1.8715,,,
2011-11-01,0.14,0.0,1.81,,0.08,,63.7,8.6,95.8485
2011-11-30,,,,389250.0,,1.7600000000000002,,,
2011-12-01,0.06,0.0,1.73,,0.07,,69.9,8.5,96.3571
2011-12-31,,,,377000.0,,1.720952380952381,,,
2012-01-01,0.08,0.0,1.97,,0.08,,75.0,8.3,96.9318
2012-01-31,,,,377750.0,,1.7260000000000002,,,
2012-02-01,0.2,0.0,1.89,,0.1,,75.3,8.3,97.2435
2012-02-29,,,,363250.0,,1.6895,,,
2012-03-01,0.62,0.0,1.94,,0.13,,76.2,8.2,96.74
2012-03-31,,,,366600.0,,1.8281818181818181,,,
2012-04-01,0.4,0.0,1.82,,0.14,,76.4,8.2,97.4359
2012-04-30,,,,381750.0,,1.7609523809523808,,,
2012-05-01,0.38,0.0,1.73,,0.16,,79.3,8.2,97.6609
2012-05-31,,,,373500.0,,1.518181818181818,,,
2012-06-01,0.36,0.0,1.5,,0.16,,73.2,8.2,97.6663
2012-06-30,,,,379200.0,,1.3304761904761906,,,
2012-07-01,0.34,0.0,1.47,,0.16,,72.3,8.2,97.8713
2012-07-31,,,,372500.0,,1.2785714285714287,,,
2012-08-01,0.36,0.0,1.44,,0.13,,74.3,8.1,97.4525
2012-08-31,,,,373250.0,,1.4095652173913045,,,
2012-09-01,0.18,0.0,1.62,,0.14,,78.3,7.8,97.381
2012-09-30,,,,381800.0,,1.4678947368421054,,,
2012-10-01,0.14,0.0,1.82,,0.16,,82.6,7.8,97.7193
2012-10-31,,,,368500.0,,1.469047619047619,,,
2012-11-01,0.16,0.0,1.37,,0.16,,82.7,7.7,98.0777
2012-11-30,,,,401250.0,,1.386,,,
2012-12-01,0.28,0.0,1.58,,0.16,,72.9,7.9,98.3101
2012-12-31,,,,359000.0,,1.462,,,
2013-01-01,0.24,0.0,1.71,,0.14,,73.8,8.0,98.3342
2013-01-31,,,,353000.0,,1.6495238095238096,,,
2013-02-01,0.18,0.0,2.0,,0.15,,77.6,7.7,98.7941
2013-02-28,,,,353000.0,,1.7168421052631577,,,
2013-03-01,0.16,0.0,1.8,,0.14,,78.6,7.5,99.1921
2013-03-31,,,,351800.0,,1.7015,,,
2013-04-01,0.16,0.0,1.71,,0.15,,76.4,7.6,99.1065
2013-04-30,,,,347250.0,,1.526818181818182,,,
2013-05-01,0.24,0.0,1.67,,0.11,,84.5,7.5,99.1839
2013-05-31,,,,347750.0,,1.6777272727272725,,,
2013-06-01,0.22,0.0,1.56,,0.09,,84.1,7.5,99.3897
2013-06-30,,,,344600.0,,1.9665,,,
2013-07-01,0.4,0.0,1.54,,0.09,,85.1,7.3,99.0814
2013-07-31,,,,346000.0,,2.2413636363636367,,,
2013-08-01,0.14,0.0,1.67,,0.08,,82.1,7.2,99.6543
2013-08-31,,,,333400.0,,2.380909090909091,,,
2013-09-01,0.14,0.0,1.75,,0.08,,77.5,7.2,100.161
2013-09-30,,,,314000.0,,2.4055,,,
2013-10-01,0.36,0.0,1.39,,0.09,,73.2,7.2,100.082
2013-10-31,,,,358500.0,,2.2804545454545457,,,
2013-11-01,0.3,0.0,1.54,,0.08,,75.1,6.9,100.3158
2013-11-30,,,,328200.0,,2.4147368421052633,,,
2013-12-01,0.42,0.0,1.5,,0.09,,82.5,6.7,100.5175
2013-12-31,,,,346000.0,,2.5619047619047617,,,
2014-01-01,0.42,0.0,1.85,,0.07,,81.2,6.6,100.1599
2014-01-31,,,,326750.0,,2.4642857142857144,,,
2014-02-01,0.16,0.0,1.41,,0.07,,81.6,6.7,100.9168
2014-02-28,,,,335250.0,,2.382631578947368,,,
2014-03-01,0.18,0.0,1.49,,0.08,,80.0,6.7,101.8942
2014-03-31,,,,321000.0,,2.3242857142857143,,,
2014-04-01,0.24,0.0,1.79,,0.09,,84.1,6.2,101.9928
2014-04-30,,,,322750.0,,2.288095238095238,,,
2014-05-01,0.24,0.0,1.85,,0.09,,81.9,6.3,102.3836
2014-05-31,,,,313800.0,,2.17,,,
2014-06-01,0.26,0.0,1.95,,0.1,,82.5,6.1,102.735
2014-06-30,,,,313500.0,,2.146190476190476,,,
2014-07-01,0.32,0.0,1.92,,0.09,,81.8,6.2,102.9632
2014-07-31,,,,301750.0,,2.0359090909090907,,,
2014-08-01,0.38,0.0,1.74,,0.09,,82.5,6.1,102.7688
2014-08-31,,,,302000.0,,1.9476190476190476,,,
2014-09-01,0.22,0.0,1.97,,0.09,,84.6,5.9,103.0641
2014-09-30,,,,295000.0,,1.9676190476190476,,,
2014-10-01,0.26,0.0,2.04,,0.09,,86.9,5.7,103.0764
2014-10-31,,,,288750.0,,1.8586363636363636,,,
2014-11-01,0.26,0.0,1.74,,0.09,,88.8,5.8,103.7126
2014-11-30,,,,291600.0,,1.7983333333333331,,,
2014-12-01,0.6,0.0,2.02,,0.12,,93.6,5.6,103.7044
2014-12-31,,,,284500.0,,1.5718181818181818,,,
2015-01-01,2.08,0.0,1.7,,0.11,,98.1,5.7,102.8905
2015-01-31,,,,287600.0,,1.33,,,
2015-02-01,2.26,0.0,1.7,,0.11,,95.4,5.5,102.2335
2015-02-28,,,,301250.0,,1.3563157894736841,,,
2015-03-01,1.98,0.0,1.7,,0.11,,93.0,5.4,101.8914
2015-03-31,,,,284000.0,,1.4022727272727273,,,
2015-04-01,1.64,0.0,1.71,,0.12,,95.9,5.4,101.3355
2015-04-30,,,,286000.0,,1.395,,,
2015-05-01,1.66,0.0,1.89,,0.12,,90.7,5.6,100.8883
2015-05-31,,,,274000.0,,1.5885,,,
2015-06-01,1.3,0.0,1.68,,0.13,,96.1,5.3,100.571
2015-06-30,,,,273750.0,,1.675,,,
2015-07-01,0.98,0.0,1.84,,0.13,,93.1,5.2,101.2228
2015-07-31,,,,277750.0,,1.656818181818182,,,
2015-08-01,1.44,0.0,1.76,,0.14,,91.9,5.1,101.0367
2015-08-31,,,,275200.0,,1.4695238095238095,,,
2015-09-01,1.52,0.0,1.78,,0.14,,87.2,5.0,100.7547
2015-09-30,,,,269500.0,,1.4595238095238094,,,
2015-10-01,1.66,0.0,1.59,,0.12,,90.0,5.0,100.2675
2015-10-31,,,,267000.0,,1.4252380952380952,,,
2015-11-01,2.12,0.0,1.55,,0.12,,91.3,5.1,99.5298
2015-11-30,,,,268500.0,,1.378421052631579,,,
2015-12-01,1.82,0.0,1.63,,0.24,,92.6,5.0,99.0417
2015-12-31,,,,271000.0,,1.26,,,
2016-01-01,1.56,0.0,1.4,,0.34,,92.0,4.8,99.5607
2016-01-31,,,,279600.0,,1.1857894736842105,,,
2016-02-01,1.7,0.0,1.72,,0.38,,91.7,4.9,99.0445
2016-02-29,,,,266750.0,,1.046,,,
2016-03-01,1.46,0.0,1.61,,0.36,,91.0,5.0,98.3096
2016-03-31,,,,263250.0,,1.014090909090909,,,
2016-04-01,0.98,0.0,1.56,,0.37,,89.0,5.1,98.6421
2016-04-30,,,,266000.0,,1.0371428571428571,,,
2016-05-01,0.94,0.0,1.43,,0.37,,94.7,4.8,98.4184
2016-05-31,,,,274500.0,,0.99,,,
2016-06-01,0.64,0.0,1.45,,0.38,,93.5,4.9,98.8833
2016-06-30,,,,265250.0,,0.9127272727272728,,,
2016-07-01,0.58,0.0,1.5,,0.39,,90.0,4.8,98.9992
2016-07-31,,,,259400.0,,0.8314999999999999,,,
2016-08-01,0.64,0.0,1.54,,0.4,,89.8,4.9,98.85
2016-08-31,,,,263500.0,,0.8191304347826087,,,
2016-09-01,0.44,0.0,1.36,,0.4,,91.2,5.0,98.7457
2016-09-30,,,,251500.0,,0.8595238095238096,,,
2016-10-01,0.44,0.0,1.27,,0.4,,87.2,4.9,98.7611
2016-10-31,,,,255800.0,,0.9215,,,
2016-11-01,0.4,0.0,1.7,,0.41,,93.8,4.7,98.3491
2016-11-30,,,,245750.0,,1.1625,,,
2016-12-01,0.26,0.0,1.62,,0.54,,98.2,4.7,99.0214
2016-12-31,,,,252200.0,,1.2952380952380953,,,
2017-01-01,0.38,0.0,1.73,,0.65,,98.5,4.7,98.7611
2017-01-31,,,,244000.0,,1.226,,,
2017-02-01,0.3,0.0,1.58,,0.66,,96.3,4.6,98.3646
2017-02-28,,,,230250.0,,1.2178947368421054,,,
2017-03-01,0.2,0.0,1.73,,0.79,,96.9,4.4,99.0137
2017-03-31,,,,233750.0,,1.168695652173913,,,
2017-04-01,0.2,0.0,1.59,,0.9,,97.0,4.4,100.0224
2017-04-30,,,,227800.0,,1.0563157894736843,,,
2017-05-01,0.2,0.0,1.42,,0.91,,97.1,4.4,100.1408
2017-05-31,,,,239000.0,,1.0018181818181817,,,
2017-06-01,0.3,0.0,1.52,,1.04,,95.0,4.3,100.3471
2017-06-30,,,,248000.0,,0.8445454545454546,,,
2017-07-01,0.34,0.0,1.43,,1.15,,93.4,4.3,100.1068
2017-07-31,,,,250800.0,,0.9455,,,
2017-08-01,0.42,0.0,1.39,,1.16,,96.8,4.4,99.6925
2017-08-31,,,,247750.0,,0.8739130434782609,,,
2017-09-01,0.24,0.0,1.2,,1.15,,95.1,4.3,99.7954
2017-09-30,,,,272400.0,,0.8175000000000001,,,
2017-10-01,0.16,0.0,1.59,,1.15,,100.7,4.2,101.0247
2017-10-31,,,,242250.0,,0.8104761904761905,,,
2017-11-01,0.18,0.0,1.45,,1.16,,98.5,4.2,101.2664
2017-11-30,,,,247750.0,,0.6566666666666666,,,
2017-12-01,0.24,0.0,1.48,,1.3,,95.9,4.1,101.4644
2017-12-31,,,,242600.0,,0.5585,,,
2018-01-01,0.38,0.0,1.55,,1.41,,95.7,4.0,101.4625
2018-01-31,,,,235250.0,,0.5519047619047619,,,
2018-02-01,0.18,0.0,1.66,,1.42,,99.7,4.1,101.7085
2018-02-28,,,,221000.0,,0.6836842105263158,,,
2018-03-01,0.1,0.0,1.69,,1.51,,101.4,4.0,102.2067
2018-03-31,,,,225800.0,,0.5666666666666667,,,
2018-04-01,0.12,0.0,1.59,,1.69,,98.8,4.0,103.3329
2018-04-30,,,,221500.0,,0.4847619047619047,,,
2018-05-01,0.28,0.0,1.57,,1.7,,98.0,3.8,102.4024
2018-05-31,,,,221250.0,,0.4659090909090909,,,
2018-06-01,0.12,0.0,1.55,,1.82,,98.2,4.0,103.198
2018-06-30,,,,222600.0,,0.379047619047619,,,
2018-07-01,0.14,0.0,1.36,,1.91,,97.9,3.8,103.3646
2018-07-31,,,,209500.0,,0.28238095238095234,,,
2018-08-01,0.14,0.0,1.46,,1.91,,96.2,3.8,104.0327
2018-08-31,,,,208500.0,,0.2534782608695652,,,
2018-09-01,0.48,0.0,1.25,,1.95,,100.1,3.7,104.1004
2018-09-30,,,,205200.0,,0.23631578947368423,,,
2018-10-01,0.68,0.0,1.31,,2.19,,98.6,3.8,103.9856
2018-10-31,,,,213000.0,,0.2913636363636364,,,
2018-11-01,0.66,0.0,1.0,,2.2,,97.5,3.8,104.0681
2018-11-30,,,,225250.0,,0.258,,,
2018-12-01,0.72,0.0,0.99,,2.27,,98.3,3.9,104.0936
2018-12-31,,,,224600.0,,0.1563157894736842,,,
2019-01-01,2.18,0.0,1.0,,2.4,,91.2,4.0,103.4021
2019-01-31,,,,222750.0,,0.17047619047619048,,,
2019-02-01,2.36,0.0,1.1,,2.4,,93.8,3.8,102.8371
2019-02-28,,,,222500.0,,0.17210526315789473,,,
2019-03-01,1.76,0.0,1.2,,2.41,,98.4,3.8,102.8757
2019-03-31,,,,211800.0,,0.16142857142857142,,,
2019-04-01,1.86,0.0,1.4,,2.42,,97.2,3.7,102.274
2019-04-30,,,,209750.0,,0.18761904761904763,,,
2019-05-01,1.24,0.0,1.38,,2.39,,100.0,3.6,102.392
2019-05-31,,,,218500.0,,0.18863636363636366,,,
2019-06-01,0.92,0.0,1.11,,2.38,,98.2,3.6,102.4375
2019-06-30,,,,225200.0,,0.26,,,
2019-07-01,1.08,0.0,1.3,,2.4,,98.4,3.7,101.9408
2019-07-31,,,,208500.0,,0.2240909090909091,,,
2019-08-01,0.72,0.0,1.32,,2.13,,89.8,3.6,102.639
2019-08-31,,,,211000.0,,0.055,,,
2019-09-01,1.6,0.0,1.5,,2.04,,93.2,3.5,102.2917
2019-09-30,,,,209500.0,,0.051500000000000004,,,
2019-10-01,2.14,0.0,1.41,,1.83,,95.5,3.6,101.4281
2019-10-31,,,,212250.0,,0.15545454545454546,,,
2019-11-01,0.94,0.0,1.38,,1.55,,96.8,3.6,101.9372
2019-11-30,,,,224400.0,,0.19947368421052633,,,
2019-12-01,1.08,0.0,1.48,,1.55,,99.3,3.6,101.7003
2019-12-31,,,,236000.0,,0.24952380952380954,,,
2020-01-01,0.66,0.0,1.57,,1.55,,99.8,3.6,101.0338
2020-01-31,,,,215500.0,,0.23857142857142857,,,
2020-02-01,0.3,0.0,1.72,,1.58,,101.0,3.5,101.3735
2020-02-29,,,,210200.0,,0.1731578947368421,,,
2020-03-01,100.0,1.0,,,0.65,,89.1,4.4,97.4078
2020-03-31,,,,2335250.0,,0.42181818181818187,,,
2020-04-01,100.0,1.0,,,0.05,,71.8,14.8,84.5619
2020-04-30,,,,4663250.0,,0.43285714285714283,,,
2020-05-01,0.2,0.0,,,0.05,,72.3,13.2,85.9604
2020-05-31,,,,2173400.0,,0.5035000000000001,,,
2020-06-01,0.2,0.0,,,0.08,,78.1,11.0,91.5934
2020-06-30,,,,1490250.0,,0.5436363636363637,,,
2020-07-01,0.12,0.0,,,0.09,,72.5,10.2,95.0256
2020-07-31,,,,1383500.0,,0.4754545454545455,,,
2020-08-01,0.08,0.0,,,0.1,,74.1,8.4,95.9549
2020-08-31,,,,922400.0,,0.5104761904761905,,,
2020-09-01,0.14,0.0,,,0.09,,80.4,7.8,95.9669
2020-09-30,,,,851750.0,,0.5447619047619048,,,
2020-10-01,0.14,0.0,,,0.09,,81.8,6.9,96.7394
2020-10-31,,,,795400.0,,0.6376190476190476,,,
2020-11-01,0.36,0.0,,,0.09,,76.9,6.7,97.0816
2020-11-30,,,,751250.0,,0.7042105263157895,,,
2020-12-01,0.12,0.0,,,0.09,,80.7,6.7,98.363
2020-12-31,,,,836750.0,,0.7977272727272727,,,
2021-01-01,0.12,0.0,,,0.09,,79.0,6.4,98.8822
2021-01-31,,,,827800.0,,0.9500000000000001,,,
2021-02-01,0.16,0.0,,,0.08,,76.8,6.2,95.6149
2021-02-28,,,,755000.0,,1.1426315789473684,,,
2021-03-01,0.14,0.0,,,0.07,,84.9,6.1,98.3856
2021-03-31,,,,669250.0,,1.463913043478261,,,
2021-04-01,0.44,0.0,,,0.07,,88.3,6.1,98.5587
2021-04-30,,,,589000.0,,1.471818181818182,,,
2021-05-01,0.2,0.0,,,0.06,,82.9,5.8,99.4333
2021-05-31,,,,469200.0,,1.466,,,
2021-06-01,0.18,0.0,,,0.08,,85.5,5.9,99.7987
2021-06-30,,,,409750.0,,1.3163636363636364,,,
2021-07-01,0.32,0.0,,,0.1,,81.2,5.4,100.2519
2021-07-31,,,,370000.0,,1.099047619047619,,,
2021-08-01,2.24,0.0,,,0.09,,70.3,5.1,100.0437
2021-08-31,,,,360000.0,,1.0659090909090911,,,
2021-09-01,2.08,0.0,,,0.08,,72.8,4.7,98.8579
2021-09-30,,,,355500.0,,1.1338095238095238,,,
2021-10-01,0.22,0.0,,,0.08,,71.7,4.5,100.1861
2021-10-31,,,,284800.0,,1.19,,,
2021-11-01,0.4,0.0,,,0.08,,67.4,4.1,100.8654
2021-11-30,,,,236500.0,,1.0515,,,
2021-12-01,1.12,0.0,,,0.08,,70.6,3.9,100.5726
2021-12-31,,,,216250.0,,0.785,,,
2022-01-01,1.0,0.0,,,0.08,,67.2,4.0,100.1856
2022-01-31,,,,237600.0,,0.7835,,,
2022-02-01,0.44,0.0,,,0.08,,62.8,3.9,100.8064
2022-02-28,,,,219500.0,,0.49894736842105264,,,
2022-03-01,0.52,0.0,,,0.2,,59.4,3.7,101.3907
2022-03-31,,,,215000.0,,0.21826086956521737,,,
2022-04-01,0.98,0.0,,,0.33,,65.2,3.7,101.44
2022-04-30,,,,213200.0,,0.20950000000000002,,,
2022-05-01,1.12,0.0,,,0.77,,58.4,3.6,101.3335
2022-05-31,,,,210000.0,,0.2814285714285714,,,
2022-06-01,0.78,0.0,,,1.21,,50.0,3.6,101.018
2022-06-30,,,,213500.0,,0.14523809523809525,,,
2022-07-01,0.54,0.0,,,1.68,,51.5,3.5,101.223
2022-07-31,,,,218200.0,,-0.13999999999999999,,,
2022-08-01,0.9,0.0,,,2.33,,58.2,3.6,101.0963
2022-08-31,,,,216500.0,,-0.3521739130434782,,,
2022-09-01,0.92,0.0,,,2.56,,58.6,3.5,101.2918
2022-09-30,,,,197750.0,,-0.3376190476190476,,,
2022-10-01,1.04,0.0,,,3.08,,59.9,3.6,101.2529
2022-10-31,,,,202400.0,,-0.3915,,,
2022-11-01,1.58,0.0,,,3.78,,56.7,3.6,100.9552
2022-11-30,,,,210750.0,,-0.6125,,,
2022-12-01,1.58,0.0,,,4.1,,59.8,3.5,99.7664
2022-12-31,,,,208000.0,,-0.6723809523809524,,,
2023-01-01,0.42,0.0,,,4.33,,64.9,3.5,100.505
2023-01-31,,,,203500.0,,-0.6759999999999999,,,
2023-02-01,0.52,0.0,,,4.57,,66.9,3.6,100.6416
2023-02-28,,,,215000.0,,-0.7868421052631579,,,
2023-03-01,0.54,0.0,,,4.65,,62.0,3.5,101.0205
2023-03-31,,,,228750.0,,-0.6395652173913043,,,
2023-04-01,0.5,0.0,,,4.83,,63.7,3.4,101.253
2023-04-30,,,,216600.0,,-0.5559999999999999,,,
2023-05-01,0.46,0.0,,,5.06,,59.0,3.6,100.9286
2023-05-31,,,,226250.0,,-0.5581818181818181,,,
2023-06-01,0.58,0.0,,,5.08,,64.2,3.6,100.1196
2023-06-30,,,,251750.0,,-0.8914285714285713,,,
2023-07-01,0.46,0.0,,,5.12,,71.5,3.5,100.9067
2023-07-31,,,,234800.0,,-0.9289999999999999,,,
2023-08-01,0.48,0.0,,,5.33,,69.4,3.7,100.8393
2023-08-31,,,,245000.0,,-0.7339130434782608,,,
2023-09-01,0.48,0.0,,,5.33,,67.8,3.7,101.0211
2023-09-30,,,,219000.0,,-0.643,,,
2023-10-01,0.68,0.0,,,5.33,,63.8,3.9,100.4689
2023-10-31,,,,210250.0,,-0.26952380952380955,,,
2023-11-01,0.58,0.0,,,5.33,,61.3,3.7,100.8639
2023-11-30,,,,218000.0,,-0.3795238095238095,,,
2023-12-01,1.42,0.0,,,5.33,,69.7,3.8,100.6031
2023-12-31,,,,207400.0,,-0.437,,,
2024-01-01,3.3,0.0,,,5.33,,79.0,3.7,99.2223
2024-01-31,,,,210000.0,,-0.2647619047619048,,,
2024-02-01,0.54,0.0,,,5.33,,76.9,3.9,100.285
2024-02-29,,,,210750.0,,-0.3365,,,
2024-03-01,0.54,0.0,,,5.33,,79.4,3.9,100.4575
2024-03-31,,,,215000.0,,-0.3795,,,
2024-04-01,0.46,0.0,,,5.33,,77.2,3.9,100.2434
2024-04-30,,,,210250.0,,-0.33409090909090905,,,
2024-05-01,0.32,0.0,,,5.33,,69.1,3.9,100.863
2024-05-31,,,,222000.0,,-0.3740909090909091,,,
2024-06-01,0.58,0.0,,,5.33,,68.2,4.1,100.894
2024-06-30,,,,235600.0,,-0.431578947368421,,,
2024-07-01,0.76,0.0,,,5.33,,66.4,4.2,99.9757
2024-07-31,,,,236500.0,,-0.24727272727272728,,,
2024-08-01,0.4,0.0,,,5.33,,67.9,4.2,100.4309
2024-08-31,,,,230800.0,,-0.09454545454545454,,,
2024-09-01,0.66,0.0,,,5.13,,70.1,4.1,99.8084
2024-09-30,,,,225000.0,,0.101,,,
2024-10-01,0.58,0.0,,,4.83,,70.5,4.1,99.4695
2024-10-31,,,,236250.0,,0.12318181818181818,,,
2024-11-01,0.32,0.0,,,4.64,,71.8,4.2,99.2925
2024-11-30,,,,219400.0,,0.09842105263157895,,,
2024-12-01,0.22,0.0,,,4.48,,74.0,4.1,100.3273
2024-12-31,,,,222250.0,,0.1657142857142857,,,
