{
  "case_id": "scrna_commitment_tier2p11_nestorowa16_zenodo_purity",
  "expected_sign": 1,
  "coherence_threshold_rho": 0.2,
  "c1_name": "C_dim_collapse",
  "c2_name": "C_label_purity",
  "n_windows": 17,
  "rho_across_windows": 0.4471757969455651,
  "p_value_across_windows": 0.0719065359470303,
  "window_metric_note": "Window entries record per-window estimator values; coherence is assessed across windows.",
  "controllability_note": "Not an alarm case; FPR fields are not applicable.",
  "pass_gate": true,
  "verdict": "OK_PER_WINDOW",
  "windows": [
    {
      "window_id": 0,
      "n_cells": 355,
      "t_min": -31.50285530090332,
      "t_max": -18.682151794433594,
      "c1": 0.02922287961429426,
      "c2": 0.35774647887323946,
      "valid": true
    },
    {
      "window_id": 1,
      "n_cells": 354,
      "t_min": -24.927871704101562,
      "t_max": -17.378610610961914,
      "c1": 0.029927621315832396,
      "c2": 0.3305084745762712,
      "valid": true
    },
    {
      "window_id": 2,
      "n_cells": 354,
      "t_min": -22.641897201538086,
      "t_max": -15.240674018859863,
      "c1": 0.030835334903285615,
      "c2": 0.3192090395480226,
      "valid": true
    },
    {
      "window_id": 3,
      "n_cells": 354,
      "t_min": -20.81302261352539,
      "t_max": -13.214622497558594,
      "c1": 0.03113295715750414,
      "c2": 0.3389830508474576,
      "valid": true
    },
    {
      "window_id": 4,
      "n_cells": 354,
      "t_min": -18.67616081237793,
      "t_max": -10.981478691101074,
      "c1": 0.03324362657121018,
      "c2": 0.3361581920903955,
      "valid": true
    },
    {
      "window_id": 5,
      "n_cells": 354,
      "t_min": -17.360107421875,
      "t_max": -8.247210502624512,
      "c1": 0.03429727307105843,
      "c2": 0.3502824858757062,
      "valid": true
    },
    {
      "window_id": 6,
      "n_cells": 354,
      "t_min": -15.239524841308594,
      "t_max": -5.63624906539917,
      "c1": 0.03808526187113096,
      "c2": 0.3389830508474576,
      "valid": true
    },
    {
      "window_id": 7,
      "n_cells": 355,
      "t_min": -13.191246032714844,
      "t_max": -3.088660478591919,
      "c1": 0.0429619451240009,
      "c2": 0.30422535211267604,
      "valid": true
    },
    {
      "window_id": 8,
      "n_cells": 354,
      "t_min": -10.97936725616455,
      "t_max": -0.6672895550727844,
      "c1": 0.04671729685554118,
      "c2": 0.2909604519774011,
      "valid": true
    },
    {
      "window_id": 9,
      "n_cells": 355,
      "t_min": -8.245957374572754,
      "t_max": 1.3312305212020874,
      "c1": 0.05589831454082853,
      "c2": 0.30704225352112674,
      "valid": true
    },
    {
      "window_id": 10,
      "n_cells": 354,
      "t_min": -5.56309175491333,
      "t_max": 4.192463397979736,
      "c1": 0.06116504076236762,
      "c2": 0.3220338983050847,
      "valid": true
    },
    {
      "window_id": 11,
      "n_cells": 354,
      "t_min": -3.027892589569092,
      "t_max": 7.6722822189331055,
      "c1": 0.06896388475492318,
      "c2": 0.3389830508474576,
      "valid": true
    },
    {
      "window_id": 12,
      "n_cells": 354,
      "t_min": -0.6385008692741394,
      "t_max": 12.045001983642578,
      "c1": 0.07434937508298473,
      "c2": 0.3870056497175141,
      "valid": true
    },
    {
      "window_id": 13,
      "n_cells": 354,
      "t_min": 1.3467319011688232,
      "t_max": 26.28868865966797,
      "c1": 0.07339231520471284,
      "c2": 0.3474576271186441,
      "valid": true
    },
    {
      "window_id": 14,
      "n_cells": 354,
      "t_min": 4.213248252868652,
      "t_max": 45.40933609008789,
      "c1": 0.0679612681644224,
      "c2": 0.4632768361581921,
      "valid": true
    },
    {
      "window_id": 15,
      "n_cells": 354,
      "t_min": 7.675898551940918,
      "t_max": 51.03641128540039,
      "c1": 0.0756844465267965,
      "c2": 0.6638418079096046,
      "valid": true
    },
    {
      "window_id": 16,
      "n_cells": 355,
      "t_min": 12.239937782287598,
      "t_max": 62.411312103271484,
      "c1": 0.08111280408492902,
      "c2": 0.8253521126760563,
      "valid": true
    }
  ]
}