accession,length,I1_hi_conf_frac,I2_mean_plddt,I3_plddt_entropy,C1_low_conf_frac,C2_pae_offdiag,msa_depth
SYN0000000,760,0.6254344936738523,45.59501193021526,0.5563535091924231,0.18178800286627542,,
SYN0000001,530,0.7020812844841591,63.695129394306115,0.464102685777785,0.16618397026194412,0.40737366596625446,11.014203792926049
SYN0000002,572,0.7948281543023391,48.37444071503708,0.3946223009385852,0.18945045524092433,0.6535050821624959,6.548291491703263
SYN0000003,725,0.7917199179591067,32.98273901404154,0.35421898443650657,0.14593890239561322,0.8241299877079694,14.083280024719269
SYN0000004,496,0.7314092877828992,65.63861580273226,0.3228675298831207,0.05427681766601985,0.4820024154198176,9.320589807779118
SYN0000005,638,0.8466548665530823,88.00271820123268,0.3888111456749027,0.235466012227985,0.3640530137660723,
SYN0000006,680,0.8341823137403067,72.56543887356712,0.40537885567518694,0.23956116941549369,0.5194572125103164,6.92866427621751
SYN0000007,242,0.8921690128892117,57.92945151114024,0.2095632850317095,0.10173229792092119,0.14399520772214758,
SYN0000008,119,0.8313985786749419,60.71160158157093,0.2168040708664965,0.04820264954143842,0.3065256832104164,36.74685307162502
SYN0000009,296,0.49772734234673516,85.5673587630001,0.9302412079889684,0.43251386564223315,0.4654214917632365,16.003179079559224
SYN0000010,285,0.8257286885036405,73.89151948078158,0.21639347712566265,0.042122165629303106,-0.067108255906068,14.673814591825199
SYN0000011,708,0.4631086003592022,72.57599089874468,0.9340542918607522,0.52905430849845,0.7576850084314964,7.084777674364731
SYN0000012,737,0.8640027734037624,71.35845853394332,0.21239609873490767,0.07639887213867008,0.3700568618121634,12.447164822490988
SYN0000013,83,0.7745350623383881,72.46080313866416,0.2513215079859513,0.02585657032433939,,
SYN0000014,439,0.7302656302934712,81.66486776332557,0.45836051328326716,0.1886261435767384,0.2981026933174072,9.197617033348964
SYN0000015,671,0.8706774089287146,78.6308075682729,0.3338562045788809,0.2045336135075955,,
SYN0000016,174,0.789750296931757,74.58845640029394,0.36078505119696536,0.15053534812872238,-0.2088174024776698,30.408467685336195
SYN0000017,653,0.7240660612958711,59.48557970891987,0.7752236432884435,0.5007102954156853,0.9747168958181743,
SYN0000018,165,0.6496351496934595,78.13330517891673,0.5356512982955518,0.18528644798901128,0.13102967016066813,
SYN0000019,416,0.6413614173866433,63.78903506409007,0.5010736642574855,0.1424350816441288,,13.578579287012944
SYN0000020,667,0.3613615904013816,85.12614811080574,0.7478463367420822,0.3864847463407006,0.5634713588885653,4.910383807166808
SYN0000021,298,0.7909264917085472,56.74739013931047,0.3493397034713779,0.1402661951799251,,23.85660907709524
SYN0000022,325,0.6008208302176853,70.34854828469294,0.6339207365264381,0.23474156674412344,0.2872767158224301,24.241851333638376
SYN0000023,280,0.6591444434345443,71.91170056450476,0.48313080574836575,0.14227524918291,0.31192992142916964,
SYN0000024,598,0.8278270254659248,56.104253392270365,0.28097617381288814,0.10880319927881292,0.25443701219982723,11.0309380716042
SYN0000025,263,0.7409040045449085,92.66365972627774,0.3691697493148253,0.1100737538597338,0.19422405939146484,18.679208904151825
SYN0000026,793,0.5106569708154639,89.52488120711462,0.5803994139839836,0.09105638479944754,0.36804918857916796,27.42855659183778
SYN0000027,400,0.857952297591504,66.436994860691,0.29691678512351916,0.15486908271502323,,8.3926794597005
SYN0000028,424,0.5257687808100696,81.26065398677427,0.5875437045466869,0.1133124853567566,0.2585297875680285,12.124694892634624
SYN0000029,443,0.7025427304539739,76.54411283604254,0.43589160804204663,0.13843433849602052,0.44574188772671186,
SYN0000030,499,0.692835808426488,40.6372864398569,0.48158219719748263,0.17441800562397058,,
SYN0000031,478,0.869587053229396,75.00477619533109,0.16940430815960683,0.03899136138900282,0.3812513487511907,22.27548798917099
SYN0000032,446,0.33595650487015577,71.26387104200101,0.46377250010975657,0.12781599523960072,0.294387276213867,9.12993376377428
SYN0000033,796,0.4505125629500073,72.99860824169437,0.5839714598900836,0.13345889694007634,,9.75333138490193
SYN0000034,661,0.7997390897407277,59.077500962073856,0.4077420713158414,0.2074811610565691,,23.9513517490784
SYN0000035,650,0.49551819209692843,68.76783544535515,0.5489288297103573,0.053410637613428805,,
SYN0000036,584,0.834516360732634,69.86089483941244,0.3787695587918192,0.21328591952445325,0.7889807624936174,
SYN0000037,527,0.7899196143226473,86.25713060654783,0.2484105578405464,0.038330172163193725,,12.458083358440213
SYN0000038,325,0.7746264544551527,76.01312472469218,0.37415248558147085,0.1487789400366235,0.1479398686396663,12.646429482915027
SYN0000039,792,0.6356496176323257,71.93333963756804,0.6583109799817095,0.29396059761403526,0.8515679856888144,7.695221828634867
SYN0000040,415,0.7385162638035218,90.34763997493128,0.6767723250109876,0.4152885888145094,,
SYN0000041,235,0.6113646548814826,65.33702484283623,0.6245145144955648,0.2358791693770475,0.2052548227885579,23.065745362279294
SYN0000042,688,0.7558649126776832,67.32683634149538,0.25934515838242966,0.015210071060112835,0.7318847049910207,28.301299399760456
SYN0000043,195,0.8219145653680037,50.19893986393129,0.3916242797970889,0.2135388451650926,0.49354845728269103,55.42353451188279
SYN0000044,697,0.5718547994297724,90.82927015540335,0.6727389882580909,0.24459378768786325,0.3309587889738718,
SYN0000045,521,0.9322494604481301,83.57198841833315,0.14424750214594328,0.07649696259407335,0.44600484984676814,8.628100036251581
SYN0000046,162,0.7730912892274517,83.00217653414049,0.27118929583826945,0.04428058506572122,0.10007430471406246,
SYN0000047,111,0.9073773817237059,80.02678135736325,0.1994087025613926,0.10678608428509845,0.06600702123376423,
SYN0000048,400,0.5061139653183626,73.32178305196382,0.7506583273072351,0.25677229262559775,0.397897496004265,10.334636689412664
SYN0000049,105,0.7520844807372128,74.58586727018795,0.46836299033373086,0.22044747107094362,,61.81857561325987
SYN0000050,181,0.5356259040735006,68.9759209167923,0.7194377439744851,0.25506364804798576,0.059449890559474944,7.55648001716819
SYN0000051,450,0.6348040089098276,69.55679489132464,0.6778962328602236,0.3127002417700511,0.37042568296958217,19.42470321386756
SYN0000052,778,0.36234755690266085,72.65164334056433,0.4500580423091795,0.08771048540651866,0.6221063094419867,6.7529465377570475
SYN0000053,415,0.6832294334018013,90.14195413876533,0.38200856763356505,0.06523800103536634,,11.829774614907027
SYN0000054,662,0.43892438812886087,78.66825482169695,0.5797452417777972,0.1408208536489363,0.703591920192894,
SYN0000055,740,0.5953240900768607,71.29847849089366,0.6656641700317951,0.26098826010865583,0.5782610287760065,10.174566356728002
SYN0000056,672,0.769584599472536,65.04729539467925,0.6025516349058608,0.37213623437839677,0.33971382416478335,7.995079176482093
SYN0000057,533,0.872584721809299,64.38001815106009,0.28140916416988926,0.15399388597918826,,
SYN0000058,397,0.8789817171252999,91.23246013406988,0.36845180696818486,0.2474335240934848,,
SYN0000059,450,0.8668623134934405,78.08024765072524,0.28597949648790966,0.15284180998135008,0.3268288394295974,6.7710116475632995
SYN0000060,271,0.7525037427171257,72.81060669972786,0.39626804214417777,0.1487717848613035,0.16472635872960917,12.362240636567067
SYN0000061,437,0.7879627866150801,67.84581789416733,0.31436413416627224,0.10232692078135236,0.15643200221023076,11.818993977670768
SYN0000062,353,0.8999315908535879,58.691359059593665,0.1845195453210109,0.08445113617459876,0.4780684671463356,8.911038706236846
SYN0000063,258,0.7526551223004713,71.19766131036124,0.5472081711421113,0.29986329344258256,0.17503090620353057,8.695832535087774
SYN0000064,795,0.5024013237103558,82.48389641364241,0.5936262899967227,0.09602761370707855,,6.973261967245287
SYN0000065,88,0.7198593988923148,67.28955303795011,0.600661694918181,0.32052109381049576,,17.697050074371706
SYN0000066,149,0.9235896686894111,69.27308900399328,0.09823639153686847,0.021826060226279538,-0.2030243820113573,8.832146943610157
SYN0000067,218,0.6640145139737055,69.34758778273226,0.5795425788089333,0.24355709278263885,0.4213564617721707,11.61552089226712
SYN0000068,777,0.797886027435049,73.31513241597803,0.30922125965232033,0.10710728708736933,0.1463785429409063,13.149794833947228
SYN0000069,578,0.8588262785906116,52.88386945505269,0.2667848241397268,0.12561110273033835,0.3736543252417541,
SYN0000070,714,0.5732727724140865,69.17521977641891,0.5477016438160889,0.12097441623017532,0.5739143492572499,4.558376010849077
SYN0000071,224,0.692737142405109,61.74725378215114,0.575221340211923,0.2679584826170319,,
SYN0000072,599,0.40080030936328764,82.61502039075127,0.5543326141866776,0.1535323048233898,0.4751533869869832,16.321612173603867
SYN0000073,346,0.8938692072900076,62.75281588122168,0.12445812216490204,0.018327329454909697,0.15613781730055662,6.853939610341866
SYN0000074,432,0.6313573630582879,78.92456096760834,0.5273947604794795,0.15875212353776752,0.1872716392279209,5.30497696663219
SYN0000075,82,0.5267681753248933,90.29324943272113,0.8818154623258552,0.5914163623492515,0.5777366687452719,20.08701160817553
SYN0000076,524,0.7255013713807182,68.2368448646205,0.4503408986816583,0.17584227006237654,0.3737857465562945,5.852692590103236
SYN0000077,677,0.7770246980697004,64.78108497451841,0.5393073779843502,0.3163320760540506,0.6386688202425408,9.100765890607788
SYN0000078,557,0.8214377358935001,74.29718710951312,0.2856182354718579,0.107055971365358,0.1793587319415249,9.840978393085512
SYN0000079,191,0.7797236329775951,71.97565166869165,0.2852067538196589,0.06493038679725394,-0.08286282701846177,26.643945674732485
SYN0000080,464,0.6107066077805922,60.076603831923464,0.43783032241416414,0.04853693019475628,0.40360223826746416,2.4566758025206914
SYN0000081,272,0.7101995189122562,77.53103298856055,0.4402354693070522,0.1504349882193084,0.21400056071837809,4.239038523379985
SYN0000082,774,0.5208818757077728,96.18619264170489,0.6207395345605031,0.14162141026827585,0.4123207112645261,3.3219202055522663
SYN0000083,713,0.7055657489817497,68.90265605681131,0.6038492330260146,0.30941498200776424,,17.105596314272244
SYN0000084,214,0.6617727560975832,69.56548564722404,0.4364947988525812,0.09826755495016444,0.19220462346620368,
SYN0000085,447,0.6638346258776393,59.46081571717097,0.43661091951011827,0.10044554538775757,0.08236590143861988,4.3722136342555675
SYN0000086,756,0.918447903932107,75.82906142023857,0.10474558546775248,0.023193489399859407,,15.34410138982624
SYN0000087,689,0.8407681062797223,57.036285303508464,0.2318648176664752,0.07263292394619753,,
SYN0000088,589,0.8190884579523661,58.7168277077822,0.30513810060070595,0.12422655855307203,,10.682304633797994
SYN0000089,540,0.8779087447780713,87.35600726212547,0.2555305362019933,0.13343928098006463,,11.55547612280987
SYN0000090,110,0.6077952153737121,61.13456328726427,0.5342061793060893,0.14200139467980127,,22.19654167794209
SYN0000091,614,0.7254322281287223,84.97629083197606,0.5032370243956444,0.2286692525243668,0.30100605884238496,22.184617323516488
SYN0000092,420,0.5174680872597154,90.29229604539368,0.6743888188302773,0.1918569060899927,0.4755485920838046,11.570088732868367
SYN0000093,145,0.7551403160777406,75.11191748972091,0.37322648917525314,0.12836680525299374,0.13671555955814657,26.897312963757408
SYN0000094,256,0.5975864861645975,78.64069683420988,0.5389264713805924,0.1365129575451899,0.2797340247619761,13.748997920264346
SYN0000095,469,0.7650238033850307,95.42701132424133,0.34032719521693,0.10535099860196075,0.15229681903489128,
SYN0000096,603,0.57285703857121,69.63925917521141,0.7428985168367257,0.31575555540793565,0.7196702435798303,
SYN0000097,445,0.7373618792211593,64.88393043670061,0.5126106580446772,0.24997253726583651,,15.558648271570174
SYN0000098,521,0.4935299772619903,55.7612272226047,0.9675057893663125,0.47397581210432216,0.9014053654358359,7.590658580227282
SYN0000099,707,0.510653980217121,72.50048496415616,0.8270576518620624,0.3377116320791834,1.014151339681976,
SYN0000100,573,0.6788626842851315,89.74973053101968,0.40415971598497835,0.08302240027010989,0.21045942925956101,18.63171992621165
SYN0000101,340,0.8259040106854812,83.51514457681039,0.2729068854471153,0.09881089613259651,0.14706594127721967,22.553393040237406
SYN0000102,543,0.6653760545220069,60.69490510298451,0.7130965002376972,0.37847255475970404,0.6236073572054474,18.33681084375783
SYN0000103,510,0.5602038856941407,61.73549539400885,0.5258786059026922,0.08608249159683291,-0.1625566814579238,3.876198609193375
SYN0000104,157,0.898215019183857,65.94994524790843,0.22033185878891937,0.11854687797277644,-0.12631033148952364,31.960056231303113
SYN0000105,122,0.6428252571558495,75.5072169899441,0.5748991767476922,0.2177244339035417,0.08012283317932568,12.318101164937174
SYN0000106,555,0.7880188223780562,69.53626287475579,0.2282635850351054,0.01628240741316164,0.39349872304597666,7.6497746637827975
SYN0000107,359,0.8556702457930109,74.57344734531698,0.24173746623298675,0.09740771202599766,0.09002771940524842,10.223756795730226
SYN0000108,510,0.899771384104487,75.56087253654536,0.1397768610399327,0.03954824514441968,0.4154254075492676,31.01786332179138
SYN0000109,312,0.5820738179547074,68.41471695985862,0.577317907452134,0.15939172540684138,0.4181204436556616,21.344773616916317
SYN0000110,242,0.8545055338705793,71.51791270076467,0.364937901880916,0.21944343575149527,0.13702937820724648,
SYN0000111,188,0.7163958419931151,74.47910852659241,0.4108907395202552,0.1272865815133703,0.2780300009645659,8.948903823395026
SYN0000112,354,0.7529752020321536,70.99236355760189,0.47288622750345494,0.22586142953560856,,15.287080515038433
SYN0000113,667,0.7414555052515254,78.0422503799286,0.416872648415907,0.15832815366743233,,7.795943118084045
SYN0000114,368,0.7928211428704813,94.45050927993606,0.5009098836893573,0.2937310265598387,,
SYN0000115,353,0.6086533174449125,79.10366741724997,0.494792400202705,0.10344571764761747,0.3701491562109215,5.312249924654294
SYN0000116,494,0.5866480242908194,72.66972655690262,0.8660784519416844,0.5472735237674962,0.6318486585906271,
SYN0000117,784,0.9332295542112791,51.76657651965702,0.09966240813094446,0.03289196234222351,0.5457588053029873,
SYN0000118,362,0.5979143246997766,76.65548503218243,0.43300097590178055,0.030915300601557092,,12.547728735564542
SYN0000119,504,0.7800096151207577,48.63985905879351,0.31951066980775167,0.0995202849285094,0.3699467755563472,14.165114538380612
SYN0000120,396,0.4296157908684642,55.09159096612654,0.6743168605120679,0.2447010696436037,,15.36961666821008
SYN0000121,515,0.842773800980683,82.25567102962518,0.4251078610583484,0.2678816620390314,0.5091299071020061,48.29509223945083
SYN0000122,400,0.8315013227964924,80.47482072163997,0.3222404414632144,0.15374176425970676,0.4028318592685205,
SYN0000123,539,0.5827391066316525,70.20073201981339,0.7594840401611951,0.34222314679284765,0.6308279200565291,7.141089880963778
SYN0000124,473,0.7085360564227695,51.47986672617341,0.7283996060609371,0.5630643375162934,,4.336642949607526
SYN0000125,567,0.7616352932803181,67.5438177973098,0.36040226071717074,0.12203755399748882,0.38202221964042365,13.730309021880174
SYN0000126,768,0.8906427241416717,63.85514018140771,0.17961787476471713,0.0702605989063888,0.6787845880098633,18.15990897102424
SYN0000127,188,0.9505291673962256,79.64208895356252,0.10542177994480323,0.05595094734102885,-0.08373301479172494,20.060897316464697
SYN0000128,484,0.5267259249900831,99.09276638913038,0.824073449455335,0.3507993744454181,0.7712788483255356,20.07831005462088
SYN0000129,397,0.5840539024159238,74.60316585545587,0.6659378657284017,0.24999176814432555,,11.972814491705238
SYN0000130,337,0.7940838734831719,62.6482664636146,0.6204301070453233,0.4145139805284952,0.3973631816753326,40.34278307775425
SYN0000131,252,0.5096393155803831,57.95338163636136,0.6168304376688906,0.12646975324927368,0.3873909240276868,
SYN0000132,117,0.7250628866315412,71.32686863078072,0.5282602982100999,0.25332318484164107,,10.333376242813191
SYN0000133,369,0.73422727843761,69.87848167783694,0.4877399519839096,0.22196723042151967,0.30931403647907585,9.93615832334956
SYN0000134,674,0.6176938679116171,58.18177008567034,0.8681897225215812,0.5141164095668017,0.8268658771547075,3.4979774704250084
SYN0000135,149,0.8063457572051594,73.3962628283062,0.26309835280237714,0.06944411000753659,0.05835317712143172,7.290537215190456
SYN0000136,372,0.6704199338532899,58.18903774426966,0.5202649438880871,0.190684877741377,0.48634360367820495,15.772262625801096
SYN0000137,776,0.6972208528866064,85.3452872607516,0.4511063062905307,0.1483271591771371,0.6017971016317476,14.399936662882807
SYN0000138,765,0.7158261375279515,84.75180726945786,0.5807773609557626,0.29660349848371415,0.5555225989964648,
SYN0000139,234,0.7152795382604882,85.01701518355705,0.3528739720099758,0.06815351027046394,,16.190605375883305
SYN0000140,85,0.6985509982654752,66.31139435269766,0.5064311563659986,0.20498215463147373,0.22071013134077241,17.015857422831793
SYN0000141,563,0.6947437682618799,78.17424675981707,0.7953267406914983,0.5099294910466218,0.7640436427859776,5.6557365518448055
SYN0000142,90,0.8377045207601895,70.41516593736772,0.3504674759738301,0.18817199673401963,,41.663812634461365
SYN0000143,296,0.5796975807348783,67.33425526317022,0.45025306839734597,0.029950649132224262,-0.016784537035151037,16.675542375666538
SYN0000144,437,0.7191797950345745,67.9302521142952,0.39955464640282967,0.11873444143740419,0.1806262217047837,
SYN0000145,709,0.8091745138705904,56.4034167235902,0.4212201250119655,0.23039463888255587,,16.011831908239056
SYN0000146,146,0.5221348027586278,54.67363564925854,0.841522451828794,0.3636572545874218,0.36654695704834256,20.659413959958915
SYN0000147,556,0.5260506576164822,81.53177749051255,0.7338411630607236,0.25989182067720573,0.5617379511480903,2.9508394932926207
SYN0000148,463,0.6229568751725844,69.70517515296577,0.45485598160138896,0.0778128567739733,,17.77094078248476
SYN0000149,174,0.6096486977019068,74.59709821353148,0.503813172479073,0.11346187018097974,0.023344008785579816,17.191999166628797
SYN0000150,688,0.7887264432149339,84.02052466144944,0.5589628081118516,0.3476892513267856,0.5878995986454609,8.381156522535559
SYN0000151,688,0.6774782888209273,51.20241005980711,0.6388244298799368,0.31630271870086407,1.0200957071752492,
SYN0000152,427,0.8157819235264526,62.590439114209275,0.4013435897668163,0.2171255132932689,0.30784319634897883,42.7589995893353
SYN0000153,760,0.6121475882675093,74.10401812158085,0.6728823604684903,0.2850299487359995,0.6970732296163806,19.769784494946066
SYN0000154,516,0.8092257699163004,76.70513743998687,0.40060423084066493,0.20983000075696528,0.6152580464518723,39.94230673929803
SYN0000155,730,0.6839620472561183,67.47510659518684,0.3447005615597246,0.028662608815842917,0.5139680776006146,4.461810906130804
SYN0000156,771,0.8789406075287498,84.35015079237418,0.1358804742364828,0.014821081765232624,0.07602859122843536,7.219833305134422
SYN0000157,490,0.7371755792278288,74.52473926595565,0.2896724650350107,0.026848044262839568,0.282569145236453,21.75626152241166
SYN0000158,282,0.735781098609637,57.43941433406568,0.5850960818044404,0.3208771804140774,,7.8417090349791
SYN0000159,184,0.6996658619311485,60.83083468811226,0.7979077831596102,0.5024263549092413,0.42719089673475186,
SYN0000160,485,0.6677297091452713,81.66565272593547,0.6699667085661782,0.33769641771144954,0.5858152567712366,3.9618906908868214
SYN0000161,218,0.39819883359310193,77.56597747747271,0.7789055364822919,0.3807067028891899,0.3439996317289392,35.44895253216591
SYN0000162,620,0.739848439202242,49.21126513192078,0.5332834695682668,0.27313190877050875,0.6396317104483543,20.520600397553352
SYN0000163,748,0.7240530720376949,88.1725476463489,0.3611641089813,0.08521718101899488,0.5313398867954325,12.017592055446599
SYN0000164,256,0.4465752885610141,79.17632437312665,0.7025924655100986,0.2560171769490844,0.2598475297724519,
SYN0000165,477,0.6973238887805715,88.12011585235798,0.5146023117904981,0.21192620057106953,0.2981914137342505,9.526809263248788
SYN0000166,115,0.3744746652357933,67.395589427099,0.4095138831953083,0.03503921795951498,0.020809032815126017,10.101087278277785
SYN0000167,209,0.4174675595639229,68.45152534401208,0.704641935826511,0.2871743762625882,0.284197562612747,17.454068815451226
SYN0000168,351,0.3243832291722189,58.48251498298417,0.6476227753305233,0.32323954615830436,0.39756792139307207,5.93574736703221
SYN0000169,716,0.5181993129212302,100.0,0.6958422206034667,0.2140415335246969,0.33516822139312397,
SYN0000170,778,0.7460677218948407,69.89454929511422,0.50368766234803,0.2497553842428707,0.6666112187911766,6.727030472475544
SYN0000171,541,0.908169198441501,91.05039830498335,0.1532947166508855,0.061463915092386516,0.052532105884701946,
SYN0000172,500,0.721279411790403,64.23249058335264,0.351988579704924,0.07326799149532699,0.1443869065811351,26.691429513345355
SYN0000173,490,0.7826653878199283,73.96609430799721,0.29380180593523747,0.07646719375516581,0.4645138352506628,12.241248397972988
SYN0000174,123,0.766315691843702,51.94377016115904,0.4287971674553087,0.1951128592990107,0.16687377477394122,28.35784881800541
SYN0000175,350,0.824373657278362,67.40559421479877,0.4317663606676229,0.2561400179459849,0.3368781172440127,
SYN0000176,787,0.6520823340567165,83.80505890080033,0.5402988886314066,0.19238122268812308,0.5204180216334191,2.0710116453673133
SYN0000177,375,0.6052365567113337,56.97907421310604,0.49577477717042534,0.10101133388175902,0.30244547813531714,17.194774339425738
SYN0000178,233,0.5329568265722971,84.86673053921534,0.6994809266361355,0.23243775320843266,0.1265564619014518,
SYN0000179,252,0.9503886657189733,76.04685379018156,0.0672563353241884,0.017645001043161714,0.029203615100349994,41.57106319453767
SYN0000180,593,0.8179492170204228,59.47258890018893,0.5055664864787038,0.3235157034991266,0.5156351639333222,4.852278045464393
SYN0000181,107,0.6384413750839143,65.98083274289192,0.4600634047003448,0.0985047797842591,0.16832230308027632,
SYN0000182,777,0.8180933409034947,66.49121187953504,0.2899698573405728,0.10806319824406753,,11.868589687209315
SYN0000183,710,0.6150360711892839,71.40576794468997,0.6329084867187461,0.24794455790803002,,10.817936816971727
SYN0000184,488,0.7136248615831885,65.56627240868289,0.49792107158514753,0.211545933168336,0.13841694734908389,13.128190195473337
SYN0000185,416,0.7599371878542561,62.072545190345565,0.3485473723482766,0.10848456020253275,0.14792362029694023,
SYN0000186,628,0.4787902998135427,68.3449475698222,0.5763219961343348,0.09753169632079207,0.5791742411871665,13.384101659715078
SYN0000187,474,0.7650762864365628,59.67732313669141,0.5277455454887432,0.292821831925306,0.49317102498081355,
SYN0000188,423,0.5917374495833854,56.525681128283075,0.7768298439375885,0.3685672935209739,0.4534466006068494,8.70525811923948
SYN0000189,311,0.7399084603922519,71.4218822099117,0.5919456174108442,0.3318540778030961,0.4020280131414838,
SYN0000190,401,0.3087925812994742,82.59449070665482,0.4559616785850876,0.14716909728561348,0.046139489874718415,6.7042768824507135
SYN0000191,620,0.8841755718984455,53.647539538591616,0.22359609809909697,0.10777166999754254,0.5318628988958178,21.513462269088816
SYN0000192,119,0.7465675827276194,72.04209781756752,0.2878600149189923,0.034427597646611685,,13.634931888766516
SYN0000193,98,0.8817168167403275,64.20052566238445,0.23535731955703093,0.11707413629735847,-0.020997988512562807,33.75385059438023
SYN0000194,598,0.7537166290756041,60.27425475438372,0.2608990700012319,0.01461569907683603,0.29097026712517876,17.173160253141344
SYN0000195,347,0.5669508716875743,82.24125183257543,0.7466553195451637,0.313606191232738,0.37597985736312267,4.381176338947814
SYN0000196,658,0.7400337485082544,65.78196373091201,0.30096082771332594,0.040994576221580384,0.5558695726911487,
SYN0000197,101,0.4803353420953722,89.97962019677855,0.6336541094957013,0.15331876740032915,,11.765729804142612
SYN0000198,733,0.5950778920300188,62.64192763024328,0.5411654377918125,0.13624332982183124,0.8208797835009038,
SYN0000199,168,0.8007638928555312,76.63802392350999,0.366030016784757,0.16679390964028817,,24.141191841361348
SYN0000200,379,0.6820825937859091,69.27260392131356,0.5069829421358377,0.1890655359217468,-0.009571756275459475,4.240590536230126
SYN0000201,776,0.7216862245774627,62.95173829048364,0.5321040710388498,0.25379029561631244,,13.5607307093022
SYN0000202,158,0.3981584682460994,79.05210051093303,0.45815781972774966,0.059999351481650184,0.19093100807377708,19.5883365923434
SYN0000203,553,0.7604323799222147,70.14020912310231,0.4245015601287849,0.1849339400509996,0.416375409798404,10.891417573819297
SYN0000204,604,0.6353909890839883,79.23852696856376,0.6545184859829727,0.28990947506696096,0.40259715296340315,4.253890586025189
SYN0000205,388,0.7834654691512268,71.43250191339605,0.31980076933959356,0.10326623849082042,,15.1486084023493
SYN0000206,136,0.7902378758853713,58.97020493638274,0.40509234672158556,0.19533022260695684,,14.918336076069567
SYN0000207,457,0.6729017592779077,70.77516908173311,0.5796369050592736,0.2525386643371813,0.6058149826857391,17.099784894618985
SYN0000208,392,0.7021452929410803,72.6234620341937,0.44587881719607597,0.14802411013715627,0.2436960585545871,12.94774999035724
SYN0000209,708,0.894868972371347,83.50155544657437,0.22748797161401751,0.12235694398536451,0.691807445040773,18.195583848247292
SYN0000210,571,0.6004483802706234,61.12477191197786,0.7466366189361655,0.3470849992067889,0.5978689653032193,7.503313709511348
SYN0000211,327,0.6202648021725221,71.52804176079233,0.6337095575069984,0.2539743596795205,-0.056932637847015966,31.7371038567306
SYN0000212,121,0.68368394183582,51.33745523723953,0.56540100387454,0.24908494571036002,0.3747083163690612,4.629108414790013
SYN0000213,505,0.5996840263948602,79.81791672411978,0.4416443711115311,0.04132839750639126,0.16292589373435687,5.719695637442939
SYN0000214,281,0.5463668368169864,59.022204304312254,0.5934266065794933,0.13979344339647964,0.20693987695580107,17.3384686390324
SYN0000215,572,0.6774342632121902,50.32368574699673,0.7238865091820514,0.4013207723942417,0.9718055086869419,4.305837058739741
SYN0000216,701,0.8074723776893247,71.28939798870316,0.2993413647113725,0.10681374240069716,,16.598723518603467
SYN0000217,335,0.866640816335918,85.26821950395416,0.3407646655812839,0.20740548191720193,0.35661405433129145,8.567167750525362
SYN0000218,730,0.8431344235203478,53.70663662145749,0.2185687814638454,0.06170320498419322,,11.377981268445684
SYN0000219,453,0.6131254310953103,58.943572975338874,0.5374805677225146,0.1506059988178249,0.27642617264838515,6.575146341009438
SYN0000220,462,0.7336402724005858,63.08070130736063,0.5353571729170513,0.26899744531763714,0.5424109647072086,9.986609723831297
SYN0000221,630,0.6882121710773631,58.446040243895965,0.6170749994367006,0.30528717051406373,0.5674511289815662,11.18561853375981
SYN0000222,648,0.49379757109547934,76.55313466001502,0.5433264115557093,0.04952884046022995,0.5429485073708743,7.331033296431473
SYN0000223,734,0.7824389006717596,62.31159065946617,0.3468691277385463,0.1293080284103059,,7.919552984808198
SYN0000224,799,0.8584724048208945,63.341823162477574,0.3301491586847688,0.1886215635056633,0.6794563977256606,36.716877881662484
SYN0000225,188,0.5991644722847934,78.99966478418773,0.7224609178732968,0.3216253901580902,0.28518687981158525,15.463376616957209
SYN0000226,377,0.8244226424593918,62.933824428375786,0.5118460326040086,0.33626867506340036,0.5377023261666898,8.979382267768617
SYN0000227,752,0.7566034991582166,77.19336117336867,0.39164458297149857,0.14824808212971513,0.47569571624493767,16.47896664362591
SYN0000228,301,0.4695358755066163,60.34337793741548,0.764877605155527,0.29534172964891064,,18.81472965786915
SYN0000229,83,0.7929908098882725,57.45433782941653,0.43838211919293707,0.2313729290812096,0.13267857831584778,45.866888158443565
SYN0000230,494,0.8894399738327896,49.97460852970893,0.34870871845576057,0.2381486922885502,,
SYN0000231,622,0.6014766775521901,94.33443344294075,0.6291279125481282,0.23060459010031834,0.23352524770730904,
SYN0000232,615,0.8621037866792883,68.15689161442803,0.17890943228361295,0.041013218962901256,0.3911734751337342,23.860816340314763
SYN0000233,663,0.8486353606310628,74.92720041538115,0.40812249581503385,0.25675785644609667,0.6086569456846151,23.255044613699585
SYN0000234,543,0.7694241688757743,71.62740589223041,0.29109174771128343,0.060515916587057655,0.19478026257471037,12.328671684124544
SYN0000235,178,0.5625845455225473,73.91954108408716,0.4930047474025817,0.05558929292512907,-0.058794847187510345,17.263589323213033
SYN0000236,689,0.7220001780538693,72.59623775249247,0.5842709625319127,0.3062711405857819,,1.612733920719362
SYN0000237,381,0.5152983741033087,94.89860447043239,0.6508318031167335,0.16613017722004225,0.23791001067928322,7.820811760503057
SYN0000238,690,0.867727903042735,59.53288090851423,0.20431926152458169,0.07204716456731662,0.40491546867440065,33.989492654553835
SYN0000239,666,0.5442841039971128,53.310454726821874,0.683852917248001,0.2281370212451138,0.721707030886468,2.778285448713916
SYN0000240,778,0.7346642237865842,59.85648397818774,0.42469122423380784,0.1593554480203921,,6.466151038321703
SYN0000241,90,0.8249009698829184,55.98349188289745,0.243620017783107,0.06852098766602537,0.10508613762586005,26.96777820211489
SYN0000242,703,0.7375104095501137,80.96354462978331,0.5012530858396955,0.23876349538980923,0.28659563520234455,
SYN0000243,532,0.6281414500476471,81.84453851445308,0.5829965626856022,0.21113801273324925,0.3830950898522053,28.05859898772614
SYN0000244,429,0.7741712856430925,60.464213458196085,0.24161639461931178,0.01578768026240422,,
SYN0000245,650,0.901748661170807,55.3147706824441,0.1312760628824366,0.033024724053243595,,13.036566482292574
SYN0000246,765,0.6909384912525526,67.74244016230686,0.3537447324817736,0.04468322373432619,0.6686517394289114,
SYN0000247,449,0.7734771695001504,88.69348653451672,0.3763794046556851,0.1498565741558355,0.300656811481143,6.303994011233272
SYN0000248,142,0.35600578360284074,38.16516698642021,0.786979248274611,0.5690265353282298,,
SYN0000249,602,0.7630157554009586,78.3195212281905,0.4752763424043992,0.23829209780535773,,35.307539838772215
SYN0000250,246,0.5813446118662129,59.090937270616976,0.668792599391749,0.2501372112579619,,30.948278991321
SYN0000251,243,0.5299046556413063,84.48440575849528,0.5768481014351052,0.10675275707641155,-0.004307520991875348,18.319839045313095
SYN0000252,218,0.7846178806010061,59.064912709478975,0.4586730419547682,0.2432909225557743,0.285361735260931,3.8631893258728134
SYN0000253,222,0.6048137598451097,68.57501007340991,0.6509742252051562,0.25578798505026595,0.3105667592085471,13.75188451615839
SYN0000254,735,0.5245703679234691,53.92465079232524,0.876817125581857,0.4013874935053261,0.9100229845415779,9.201226413498121
SYN0000255,341,0.436704583414192,60.27290579402283,0.534977455119376,0.09827287170518391,0.20608065800503067,
SYN0000256,156,0.7600505994631152,88.63006995655343,0.47774548095061137,0.23779608041372652,0.05456059500369067,18.64535835691391
SYN0000257,209,0.7499062686640423,81.8469442306807,0.5216259761605255,0.27153224482456784,0.2130623654647873,
SYN0000258,364,0.7397034138724911,67.17998217419189,0.7545845722264838,0.5057120139010252,0.3105820612899265,12.963827577322588
SYN0000259,329,0.6099706389227629,61.557931557548926,0.5588190377296066,0.16878967665236955,0.17532930196906749,7.355046738246883
SYN0000260,303,0.83274921434053,49.27431436185823,0.22899903572820313,0.061748250068733086,0.13803788150290786,
SYN0000261,762,0.6149368386964902,67.27611945718819,0.7436658234819373,0.3586026621784275,0.7240199479105482,6.5150844172452365
SYN0000262,703,0.5128375866931908,71.62916096896443,0.5881723858021504,0.10100997249534112,,6.208729043104629
SYN0000263,492,0.6631858229392834,70.99134770598619,0.47731713769577216,0.14050296063505557,0.30325882812880467,10.948077804779084
SYN0000264,790,0.8032325900464751,70.87449686428596,0.4260850700802862,0.22931766012676125,0.5212354595172262,15.18493533356626
SYN0000265,324,0.9228008209554331,58.53828447327689,0.2036215771777764,0.12642239813320952,0.37200939744699485,22.22159010236377
SYN0000266,179,0.7306766608757062,71.20471337561258,0.7308055074878403,0.5385178316364535,,
SYN0000267,275,0.4378230593815599,71.53591944557873,0.8207812336554028,0.3829581742738428,0.1128232743345842,10.546191175991918
SYN0000268,144,0.5840228266032612,87.48674445363812,0.5686784735413493,0.1527013001446105,-0.02343254997395345,21.172353433677515
SYN0000269,765,0.6899996574737035,94.40080145222835,0.4541482853868406,0.1441479428605441,,6.484173237045056
SYN0000270,237,0.9161273933759583,70.35613167698651,0.15272948781167023,0.06885688118762852,0.3401015078580633,42.28021100391551
SYN0000271,400,0.6927286168025812,62.80432858588936,0.35657157260090533,0.049300189403486544,0.17651450288880888,21.275394919995108
SYN0000272,225,0.753638960618146,71.22021444285643,0.3848068173839795,0.13844577800212546,,9.77575874096777
SYN0000273,785,0.8156490936220123,64.70854469694676,0.29224384159083466,0.10789293521284697,0.6009583301028966,11.806559883585239
SYN0000274,193,0.8042038033349683,63.09079421104501,0.433539761476551,0.23774356481151931,0.1983934305044036,
SYN0000275,451,0.5312960454819583,71.2961981769343,0.7078839287422705,0.2391799742242288,,26.376274884815224
SYN0000276,764,0.6086286762879953,59.480346826172216,0.6291069678768807,0.23773564416487603,0.9390167439509778,7.536751237835477
SYN0000277,455,0.8284670718267086,79.27328101386021,0.34279178814172356,0.1712588599684322,,25.19706516473679
SYN0000278,727,0.6424173936634083,70.75301340979107,0.7978113829906046,0.5597712233459871,0.9926116444525982,5.664297891562453
SYN0000279,725,0.6754274909306979,75.00009968231943,0.4597206957801183,0.13514818671081616,0.6696963092800254,3.7123556422439323
SYN0000280,632,0.7709015445833411,69.80471956835194,0.2946600503827524,0.06556159496609353,0.2555420115927123,15.475739275721676
SYN0000281,614,0.9010681817049311,63.272946632971056,0.19620226456348222,0.09727044626841327,0.705301647525088,15.369794391412018
SYN0000282,495,0.6379632062801853,60.624485283013776,0.7265338554139761,0.3644970616941614,0.6896502819817715,15.181025665728546
SYN0000283,498,0.64811291452624,69.15268794810551,0.7045932834209618,0.35270619794720176,0.6718100240606321,11.081931560000143
SYN0000284,678,0.8789258726352246,65.41487595086626,0.2632620088882126,0.1421878815234372,,14.536957626698866
SYN0000285,387,0.4835070941234899,74.8068159985149,0.7659714663851078,0.28246437226161797,0.4719655298744559,7.752844022489813
SYN0000286,760,0.6936751659773389,71.94681956162833,0.4783318646636096,0.17200703064094852,0.6385914848013823,11.523233686488341
SYN0000287,712,0.8117343584527654,55.65231902492725,0.3850783403619583,0.19681269881472374,0.5752401652833994,17.453315176617338
SYN0000288,349,0.541906977913381,72.80545559314022,0.6370056657383721,0.17891264365175322,,11.432297064866862
SYN0000289,376,0.7298379680045446,55.88567499431092,0.6635059964385418,0.3933439644430864,,23.408355893753907
SYN0000290,594,0.5045323798997174,64.60226849376863,0.958132852130535,0.46266523203025245,0.6845423715561775,2.915593337219987
SYN0000291,744,0.777947733246055,68.46775668938584,0.4377170364638124,0.21566476970986742,0.6487761561824493,6.10435931375532
SYN0000292,149,0.4838716672932855,47.09672066506427,0.6122045198878326,0.12833285259454716,,33.399946181842076
SYN0000293,129,0.6960038434133758,73.09808937431977,0.4121055183877544,0.10810936180113025,0.18342919863799775,53.37852236306515
SYN0000294,258,0.8168070824066065,73.81180019657202,0.30347893372373824,0.12028601613034474,,21.3473243348145
SYN0000295,389,0.5302503807726718,70.10370967890393,0.6760051599414707,0.2062555407141425,0.5010006780724221,10.459258170215682
SYN0000296,197,0.9386212968554118,66.90819273034087,0.12607335647578777,0.06469465333119959,0.29128133201795037,10.688479738778419
SYN0000297,454,0.8321910515282039,67.51675607870231,0.31088062121038507,0.143071672738589,0.15021405441383825,18.393086194579382
SYN0000298,469,0.5200955458206102,60.281526376667316,0.6119140557755469,0.13200960159615718,,
SYN0000299,764,0.7053208059705692,68.76359556325426,0.46783142962814717,0.17315223559871637,0.4591158825650817,3.5984799534928484
SYN0000300,616,0.786465883019845,65.36865835782166,0.4745567505342471,0.2610226335540921,0.5869178962729723,16.11737861719084
SYN0000301,260,0.7652156815657022,73.10022471224879,0.6338936406468314,0.39910932221253353,0.5681120399798818,
SYN0000302,646,0.6836787468543261,57.55036692546172,0.7839440105035161,0.4676227573578422,0.9065234620401843,12.803689960650306
SYN0000303,660,0.7513019732036915,74.82707890813373,0.3732187710346122,0.1245207442383037,0.2847695378125185,5.328375032784316
SYN0000304,569,0.6489334449561145,73.71862672173204,0.43479372082891565,0.08372716578503017,0.2988043551730993,14.310967402168385
SYN0000305,567,0.8456343270020981,70.30124601385532,0.4331986470531083,0.27883297405520635,0.6721300524577888,
SYN0000306,303,0.6758518935293062,66.72954212296453,0.4020576977659656,0.07790959129527181,0.08762600680442294,35.89434500771683
SYN0000307,596,0.6820297854725927,78.62807870964136,0.47358233840303343,0.1556121238756262,0.3780154087070175,11.294838141361943
SYN0000308,177,0.7716924013489395,52.02477951847362,0.5863776523900934,0.35807005373903295,,9.539487945405222
SYN0000309,533,0.875755911067651,77.52544005774145,0.22543335581975088,0.1011892668874019,0.031973809051754065,31.766707803739827
SYN0000310,743,0.6210631735315925,74.91644959428447,0.39879563846155336,0.019858811993145844,0.5407269313568469,16.217356843774564
SYN0000311,779,0.7914333923959674,75.40051551041539,0.29116916264124476,0.08260255503721219,,6.453748995387155
SYN0000312,294,0.6097959711708838,76.5997511091921,0.49861509599705045,0.10841106716793425,0.21060920992029272,51.49154745570139
SYN0000313,319,0.9167027305279358,64.1562671208858,0.1274946612859259,0.04419739181386173,,10.535576174596356
SYN0000314,525,0.5349956670427887,68.88647930038277,0.656191286661553,0.19118695370434172,0.3074317022186393,
SYN0000315,366,0.7915749886963064,79.6446999745962,0.2595986161056302,0.05117360480193654,0.029345700417573686,31.821831261623903
SYN0000316,606,0.8254058607062857,77.16767092899732,0.19942919689524619,0.024835057601531957,0.3422467630880496,3.1295331712566976
SYN0000317,226,0.8494056708962048,74.48055318531179,0.40471965451949954,0.2541253254157043,0.21076905944212623,36.196578421811886
SYN0000318,201,0.6099876632950728,53.82815705856447,0.6759959233959665,0.28598358669103935,0.34879040243378673,14.76049428581479
SYN0000319,116,0.7406977083758424,78.4546453785985,0.7317414594666967,0.4724391678425391,,19.692097034386514
SYN0000320,418,0.6773041622874231,86.03365190391727,0.4089780503218478,0.08628221260927088,,6.719729402488087
SYN0000321,233,0.6955878912080284,84.1160579165143,0.4268234264622517,0.12241131767028013,-0.0652205220959024,19.96578289492746
SYN0000322,295,0.8205356919349144,74.80653658522927,0.41810021496785377,0.23863590690276817,,9.068186018900763
SYN0000323,739,0.48454066408052826,53.307856756749665,0.5577372705704656,0.0731966064899373,0.8502692568170789,3.871231195449173
SYN0000324,666,0.7628239182926466,83.31053777073625,0.48117279093533794,0.24399670922798458,0.44358841882269295,8.065102170770082
SYN0000325,684,0.7030409859853839,70.23294435936279,0.5326759022698726,0.23571688825525652,0.784201662611571,4.601813087383946
SYN0000326,507,0.7482372711641574,41.609764223196414,0.2979558118715156,0.04619308303567297,,32.23728055305176
SYN0000327,160,0.8319281882265975,76.52648883728645,0.2918616927148483,0.12378988094144582,,9.479037574753507
SYN0000328,617,0.7121141041754806,54.09393860304556,0.4151784453458684,0.127292549521349,0.4934474262354575,
SYN0000329,514,0.6218748184100223,56.442713037659246,0.6240298736616912,0.24590469207171356,0.5446921514198889,
SYN0000330,734,0.747962794308531,64.38049329151377,0.5495612682446365,0.2975240625531674,0.5723720841234886,9.572531915071732
SYN0000331,425,0.5013007370007204,87.2710941345946,0.6005473794819995,0.10184811648271992,0.014172418691334121,16.559496081688426
SYN0000332,204,0.9137933303184919,67.54985574985929,0.1485001785350033,0.06229350885349517,0.010556757889728687,
SYN0000333,508,0.7888312050680593,75.25189905284059,0.5965455210960955,0.38537672616415475,0.6540946247982466,
SYN0000334,408,0.6071481360174276,92.97561556502677,0.7249972051738897,0.6678546588086828,0.49864608148844514,9.47380478644101
SYN0000335,554,0.555583276897021,91.1283571518695,0.6251898975515364,0.18077317444855745,,
SYN0000336,350,0.7743713777683822,70.75975901007162,0.4799975357303626,0.25436891349874474,0.25215048804927914,25.596753857135372
SYN0000337,300,0.6445888469251447,69.10174773527386,0.5909503081908873,0.23553915511603213,0.07209522533689808,
SYN0000338,170,0.5618415601369686,56.8695523909254,0.5814556260826577,0.1432971862196263,,11.027474868208872
SYN0000339,772,0.6402070909598032,63.66650310982091,0.7198348908366314,0.3600419817964347,0.43529929565292436,2.3310693195047594
SYN0000340,623,0.5102170171612976,77.10430017135324,0.7069241825848199,0.2171411997461176,0.3743761741820858,29.68055688075014
SYN0000341,415,0.8514175563823282,76.74876914171577,0.35208981920737425,0.20350737558970244,,28.066100063411373
SYN0000342,248,0.7863364875695239,73.32285877408752,0.35523012666324877,0.14156661423277267,-0.07466027404249559,20.98887692225878
SYN0000343,532,0.8094494425601474,83.93761989076711,0.21408111906271393,0.02353056162286134,,16.07402841609504
SYN0000344,376,0.6768924310152223,62.73158384360183,0.492079199082913,0.1689716300981353,0.5104369124639637,9.85634267399419
SYN0000345,537,0.7031947528941777,71.32708175779842,0.5309474656396018,0.23414221853377948,0.32298876189231907,
SYN0000346,145,0.6257547427661632,80.77491586193774,0.5470513869775524,0.1728061297437156,0.0638720511448927,
SYN0000347,212,0.5162396341058054,79.00975087473502,0.5921403348823535,0.10837996898815892,-0.12135261278774089,11.841468109015675
SYN0000348,609,0.599210240594673,84.85134930878903,0.4502442040090052,0.04945444460367818,0.3566630559475484,6.379585226898963
SYN0000349,124,0.6587578668273701,76.76424488118073,0.5461013317901927,0.20485919861756285,0.07870313600615816,7.4440762840722385
SYN0000350,567,0.7657112984310175,68.28716933283802,0.6502334713080997,0.4159447697391172,,
SYN0000351,376,0.6339904837340901,76.34630712314879,0.5697502441540653,0.20374072788815534,0.4735688646491061,18.092977542245706
SYN0000352,82,0.6418340842679602,59.96885764339069,0.4762334959630409,0.11806758023100108,0.1338400014993723,13.665365847806632
SYN0000353,630,0.5623318066508017,52.32648802148248,0.8172048487408174,0.3795366553916191,,8.775657293246224
SYN0000354,583,0.32318587596787074,78.96806137076612,0.44192928771359546,0.11874341174572471,0.4456236457024208,1.9853278256440567
SYN0000355,666,0.6416013330149056,71.3383160061479,0.5307418243735467,0.17234315738845227,0.32561147316758987,8.053821224053632
SYN0000356,724,0.5614817500705942,75.7009155170041,0.6034002979549351,0.16488204802552933,0.559021219515741,
SYN0000357,605,0.6633191770995251,51.62778763390298,0.4141703161915351,0.07748949329106025,,4.8275034187909736
SYN0000358,685,0.6524282727422296,67.61863170329484,0.4718227797158963,0.12425105245812589,0.28775439866003893,3.2001350130021473
SYN0000359,161,0.4341665390112177,64.80171463522167,0.8179188799790293,0.38375234096781163,0.5099245588612762,16.691442004459656
SYN0000360,741,0.6975327386308592,61.62945462315996,0.6858250138468396,0.3833577524776987,0.8028183362119243,5.485168935519848
SYN0000361,737,0.7526338532345457,44.93981992245048,0.6668425089007948,0.4194763621353404,0.9736573401776246,12.829917756813098
SYN0000362,579,0.728398221349205,67.98151821435539,0.3513900122784177,0.07978823362762268,,8.733387795297263
SYN0000363,657,0.6496845304445954,82.76765145799429,0.7403296406014921,0.3900141710460875,,13.533199532263064
SYN0000364,613,0.917582711007404,76.57197266236486,0.17241166148017661,0.0899943724875806,,11.047695510912561
SYN0000365,711,0.8126251184875576,64.78864068401032,0.594126689166454,0.40675180765401153,0.7194284842294822,4.297265584943189
SYN0000366,720,0.30785031683330233,71.8214883401964,0.6892601576180117,0.38140984078470935,0.7251903324248041,5.438702536830739
SYN0000367,456,0.6094101022338122,81.0816009628561,0.5885196546616465,0.19792975689545866,-0.018392923454149446,9.273246701704611
SYN0000368,667,0.5712223244596499,38.87498564814968,0.6201972852622832,0.19141960972193311,0.9206668645942474,12.422256334816932
SYN0000369,739,0.749498466582653,70.50556143832036,0.4846249530273762,0.2341234196100291,,
SYN0000370,293,0.9284078146944845,78.51840176617725,0.1592881923549475,0.08769600704943206,-0.2310247367021171,15.905213112454478
SYN0000371,113,0.774109091223599,80.1855435028101,0.7145623614033298,0.5113285473730711,0.1371469563168056,34.78749382911467
SYN0000372,202,0.6472299263360262,92.40876248412036,0.5701569289785376,0.2173868553145638,-0.08133012777011397,
SYN0000373,101,0.792742426079228,85.62054814915777,0.35766542970847137,0.15040785578769933,,
SYN0000374,392,0.7814162222701283,75.75075401695497,0.30663866983012533,0.08805489210025365,0.05529157747825192,27.937601647484428
SYN0000375,94,0.7574139469618777,75.62371207338512,0.4983929902302009,0.2558069371920786,0.13155186430523363,27.347374764582778
SYN0000376,266,0.8456403962630343,81.4433441759352,0.20185326632637218,0.0474936625894065,-0.11899601614641461,29.89767886738339
SYN0000377,261,0.7515983999157164,65.52807606309192,0.5809492025908567,0.3325476025065731,,28.664832329550137
SYN0000378,588,0.8490944879838602,71.51774334068178,0.22379835231579026,0.07289284029965049,,16.37194698292699
SYN0000379,258,0.7763217009460518,82.87486803694244,0.30741966315630775,0.08374136410235954,0.3323320021015358,18.169525050793116
SYN0000380,763,0.7728789606894187,95.48934257874109,0.398507675595441,0.1713866362848597,,10.351671856759985
SYN0000381,215,0.8573857692171847,70.0887923312191,0.22942669587962705,0.0868124650968117,0.18319377797451286,85.95075306976902
SYN0000382,779,0.6009750796182509,71.41919172804162,0.7717967561330741,0.37277183575132494,0.6121716200839109,7.649015246138209
SYN0000383,488,0.7614630266765101,74.38176232545214,0.4692027542791128,0.2306657809556229,0.47809014394358795,11.3143375811028
SYN0000384,255,0.7246043007184334,88.11844432809667,0.4126667520410473,0.13727105275948068,0.14946022941382744,13.262882611955053
SYN0000385,108,0.7918332147449262,71.6362403569302,0.3588503088630723,0.15068352360799847,-0.19942168403879523,20.91764530274495
SYN0000386,300,0.7763024140507641,89.63230843765373,0.397079075670592,0.17338148972135606,-0.06698605036466088,
SYN0000387,505,0.6295571659472229,60.400113390855,0.5692601941514885,0.1988173600987114,0.28825076530222404,
SYN0000388,158,0.8050412222284634,69.76756445115606,0.21428724993176612,0.019328472160229555,-0.23978299317479362,6.222106646959342
SYN0000389,199,0.8295706949881292,69.62201811977368,0.3128249934793481,0.14239568846747733,,
SYN0000390,162,0.5920350728632751,81.43806868915465,0.48982993500290894,0.08186500786618399,-0.17514657117843174,6.003905637904776
SYN0000391,568,0.7288618835708828,84.54312452373934,0.5622466046168668,0.29110848818774954,0.22562856118832436,13.306670887187904
SYN0000392,143,0.7366416108907978,53.88666770258121,0.482146047774356,0.21878765866515384,,
SYN0000393,95,0.6507095857896212,61.0185884902653,0.4586015737544995,0.10931115954412073,,36.546869132294695
SYN0000394,408,0.6638589200514051,76.04222974531754,0.6568662450028243,0.32072516505422943,0.19176262619197573,
SYN0000395,303,0.8045621804497186,64.09567624937023,0.6226687123549529,0.4272308928046715,,21.380469246253792
SYN0000396,490,0.5094914575834795,53.73086669222828,0.5364762331660808,0.045967690749560274,0.36972525460204775,6.896562259008031
SYN0000397,755,0.7563348799188323,84.46175966428174,0.4848670522092985,0.24120193212813076,0.5175202547824344,4.649354285797216
SYN0000398,697,0.4038273651358113,77.92764100984378,0.43836486543721614,0.034537500301404865,,4.108807386347197
SYN0000399,467,0.7421863403530083,77.91812996232896,0.61667821634856,0.3588645567015684,,13.386009027569845
SYN0000400,542,0.5853291960681349,66.29465140264685,0.559742363858757,0.1450715599268919,0.5409044628356423,2.8587404312446174
SYN0000401,664,0.7226141006341862,84.34726142600785,0.5156223496927261,0.23823645032691226,0.5795928768726657,
SYN0000402,394,0.759576946738776,69.12048004287456,0.6408935612841536,0.4004705080229296,,
SYN0000403,553,0.433132907496978,85.15722333387542,0.7564575329737259,0.3233246254767478,0.7499364753866072,11.975053506408175
SYN0000404,235,0.843901297895422,61.06001818868853,0.35012633730605996,0.19402763520148197,,
SYN0000405,519,0.5586682576483885,61.750374627794386,0.6325817966330809,0.19125005428146938,0.39920190447782694,10.47331557083694
SYN0000406,250,0.830747014562745,74.45595852717236,0.3374269808324596,0.1681739953952046,0.13153966428421235,
SYN0000407,217,0.4711909112370379,63.572014250435295,0.6393279993836825,0.1681370881466446,0.36666783711019113,9.646654130168384
SYN0000408,628,0.6058181055813024,80.10541278442597,0.6381300176918312,0.2439481232731336,0.358711499512811,3.156428348766707
SYN0000409,493,0.64685052138436,75.12105292954864,0.4002121504187835,0.04706267180314356,0.3027819360803737,12.167938798051628
SYN0000410,351,0.5769395053654313,60.924345385642816,0.4967929728014363,0.07373247816686757,0.24281106479171502,31.198562091219678
SYN0000411,108,0.8235847067096134,72.8743872113412,0.3450665356321378,0.16865124234175116,-0.05979716300630658,24.441509196120354
SYN0000412,250,0.8631959896575289,67.7846677417516,0.41844011305023454,0.2816361027077634,0.24545464357277047,24.418391184304646
SYN0000413,657,0.6023140059301105,82.98999395012457,0.6111534761207704,0.21346748205088095,0.22424862385978325,4.881236425369136
SYN0000414,417,0.7194671906265955,64.40936420186155,0.49580288157078123,0.21527007219737673,0.29943691160965813,31.872298538042603
SYN0000415,771,0.7575015971696729,66.72992285432544,0.37223501844083917,0.12973661561051206,0.2824114819421868,5.833366769470293
SYN0000416,728,0.6165666470704608,86.53484286451601,0.514205954062537,0.13077260113299777,,13.29441958180099
SYN0000417,694,0.44169329227517834,98.86312067091015,0.5363640306196011,0.09467073834442268,,7.4011332837285995
SYN0000418,91,0.7759344076680843,95.98810397073524,0.4087911974211832,0.1847256050892675,0.09035708112706278,12.018590348138114
SYN0000419,116,0.6971584968467869,72.7586761399273,0.706686462697006,0.4038449595437928,0.28599454942787217,
SYN0000420,496,0.8363766729781437,74.6262564848187,0.39637873011591274,0.23275540309405637,0.5463584825510347,14.263154743796038
SYN0000421,323,0.7079558775602846,90.40150394739193,0.4836758478137043,0.19163172537398884,0.32141004206132073,16.596308153376235
SYN0000422,686,0.7133558714403858,70.50678232506442,0.4111835814667323,0.12453945290711808,0.6390216624897483,12.731908545122552
SYN0000423,308,0.6308596222925212,60.2838103543516,0.6795935877021748,0.31045320999469606,0.5320050350913337,13.660759434522125
SYN0000424,190,0.8138235915014828,73.40250716923558,0.37327209942667866,0.18709569092816142,-0.014420792623830739,15.82134528904496
SYN0000425,161,0.6826409737460924,77.41820136638557,0.37466076765486167,0.05730174140095413,,23.235305898056115
SYN0000426,296,0.6093849394244105,62.050204586181025,0.7323231224997561,0.3417080619241666,0.31872907463155953,10.731760027749777
SYN0000427,531,0.8287516849803501,52.24522630201018,0.33920674355221003,0.16795842853256016,,13.96442338502114
SYN0000428,170,0.7458168523508648,54.75924582535079,0.5067813839457935,0.2525982362966584,0.09926619862067054,12.55814758384839
SYN0000429,654,0.5897882815227872,79.98515141006794,0.6899359942496988,0.27972427577248593,,3.5568983059402397
SYN0000430,297,0.805541855860152,62.899481804257874,0.333847185971926,0.139389041832078,0.3905300090555587,11.54608117324918
SYN0000431,305,0.8756501974249042,70.30383489154663,0.2713549572178887,0.14700515464279293,-0.004571715911068586,13.841829563812832
SYN0000432,557,0.4878630559481479,74.55070421205406,0.7941119827106846,0.30624892676253684,,8.722624105953775
SYN0000433,701,0.6220671538862854,79.42969054913652,0.5646769019221292,0.18674405580841452,0.7147355270856937,17.39045277384535
SYN0000434,393,0.8513866262964379,67.98116641543831,0.35691203510495323,0.20829866140139114,0.2767584469703188,
SYN0000435,653,0.5314170269801445,77.98458840576723,0.6710091353103186,0.20242616229046306,,8.769301033185528
SYN0000436,299,0.5343041081170292,61.31927649454988,0.8963171523951665,0.4306212605121957,0.4654307282083845,3.304249435757775
SYN0000437,172,0.8579805616490267,67.65943169186386,0.28966713775661435,0.14764769940564101,0.25751988102496215,11.423340208500385
SYN0000438,676,0.8572955486958143,59.707012946545554,0.16066513918345388,0.017960687879268113,0.399990500689177,
SYN0000439,632,0.33728562065450723,85.58120659634301,0.35019947928364176,0.012913858629134582,0.09696803061468581,1.7065942595967314
SYN0000440,620,0.6733037440068242,71.67500126319611,0.8178865071815975,0.4911902511884217,,3.284888054458846
SYN0000441,715,0.5542566599416914,63.128310148436405,0.6451328718223578,0.19938953176404914,,
SYN0000442,438,0.9503221793507132,67.77153842321825,0.086805325086459,0.037127504437172186,0.25490782957416397,
SYN0000443,222,0.8494027684335262,69.3392582313207,0.473402838008195,0.32280560644172124,,18.626962755013693
SYN0000444,501,0.7978372367515661,80.40623749590011,0.29013899554684397,0.08797623229841012,0.29479861664350604,8.281052990392784
SYN0000445,493,0.5442181549851378,52.85236586177717,0.7772127738763681,0.32143092886150587,,36.38235790294766
SYN0000446,357,0.5509279189380353,59.55352990049497,0.523346197996598,0.07427411693463326,0.3218990630014024,10.761399548976492
SYN0000447,539,0.9293679122344173,67.46271298131003,0.14586669861541868,0.07523461084983593,0.45590674140350623,8.945717938753676
SYN0000448,269,0.8494526876920712,100.0,0.27654125506820126,0.12599394276027243,-0.0021496975428118327,51.60312965728332
SYN0000449,518,0.7630075821384228,83.46814671038393,0.3653971946266701,0.12840477676509288,0.1519457095769657,18.22136565300622
SYN0000450,651,0.5098135170968598,70.66257985042867,0.7098269248671678,0.21964044196402763,0.49888535969319914,6.347187780487342
SYN0000451,149,0.5772027930523675,80.54399498893008,0.5197545114095437,0.09695730446191118,-0.03748739945462826,32.1191748012108
SYN0000452,406,0.4908954680631144,96.68923403556403,0.841282620379494,0.3503871523163796,0.47380351629756423,
SYN0000453,556,0.48154921060828904,69.19507287869531,0.6802261737086293,0.19867696310034028,,12.635891391757113
SYN0000454,116,0.7463011963240918,67.60303987082928,0.6212696057187378,0.36757080204282955,0.30433018901865827,23.040281538457652
SYN0000455,535,0.7821924105817899,86.54332251866275,0.46531902457738183,0.24751143515917176,0.25383620497728426,6.818064859431645
SYN0000456,737,0.5577234904795246,77.93010597759532,0.7609160501682986,0.3186395406478232,,13.566329776902354
SYN0000457,673,0.8051205618837357,80.05599786387069,0.31927169225088964,0.12439225413462536,,12.119546429717031
SYN0000458,573,0.795149530628158,65.90133120863304,0.48429935144840536,0.2794488820765633,0.754870742933766,
SYN0000459,658,0.7315714948576824,95.0904375881129,0.4621232588637758,0.19369475372145817,0.42099923713402265,
SYN0000460,340,0.6853562758040334,92.51508961912393,0.3527974157441098,0.03815369154814313,-0.0008675484456823496,
SYN0000461,315,0.7274849304164569,78.791373466473,0.3344513136284734,0.061936244044930304,-0.02595112021637641,12.346322097410344
SYN0000462,140,0.4669900699185676,80.21147805776685,0.5490734140315675,0.08208334411299989,0.08875465845063447,14.29980694367475
SYN0000463,599,0.7964214068128795,47.67286953308357,0.40207764206482066,0.1984990488777002,,
SYN0000464,306,0.7121613853839639,79.6525175219665,0.5606559141305436,0.27281729951450756,0.2375220656927529,
SYN0000465,704,0.797609074966337,69.67069695329613,0.2747207589150157,0.07232983388135271,0.4785532428640187,4.205390173541832
SYN0000466,415,0.3209861880173973,77.20686846993867,0.5498834559567294,0.22889726793933213,,12.300362613104625
SYN0000467,722,0.4556814666379807,80.18951294215317,0.7561217479618187,0.30044028132383804,0.5727584979674314,
SYN0000468,179,0.9013654522463388,67.9044987827007,0.21490389591825448,0.11626934816459329,0.3420573064779074,37.59324085174244
SYN0000469,196,0.7524612716173944,51.71421839775499,0.3698024388239088,0.12226371044130317,0.3906684074796825,
SYN0000470,329,0.55540469254362,76.41449478089082,0.8876676789060305,0.4430723714496505,0.42702211699050896,15.336770156535813
SYN0000471,99,0.6063393347165364,63.10339617071526,0.70690546163852,0.31324479635505637,0.3437565346404863,27.523171686720232
SYN0000472,434,0.7050792533980664,68.03767088730793,0.3287284219093437,0.033807675307410134,0.20745326674035458,33.74641820019257
SYN0000473,548,0.6736877118465437,64.74588187086967,0.5767217004772376,0.25040941232378133,,9.174138875422798
SYN0000474,556,0.8080332004336775,67.90110893693775,0.4256576951502983,0.23369089558397585,0.4441607779605683,36.02685601395934
SYN0000475,234,0.7457885904225374,44.2857485128087,0.585276341789519,0.3310649322120565,0.31025206424972923,
SYN0000476,198,0.7489399420348402,86.6033655267782,0.7171077387314192,0.46604768076625935,0.3483352599935999,
SYN0000477,485,0.44567555791321867,75.04015322791768,0.892463272837158,0.4467877149239393,0.5573984551292902,27.021240410936628
SYN0000478,535,0.8894789066064127,85.33679115502636,0.16720255650935445,0.05668146311576719,0.30649894387005316,23.963653190558727
SYN0000479,760,0.49725896780809614,95.75810195771923,0.825820479158627,0.3285615113505309,,
SYN0000480,724,0.7560590936651029,72.27111747075301,0.5602061781509707,0.31626527181607367,,
SYN0000481,353,0.3679990234133079,50.37076492991309,0.5196609084838045,0.15166188507049663,0.40822970140381437,11.632907343462202
SYN0000482,196,0.50007647001797,61.27335779544498,0.6316643924557866,0.13174086247375658,-0.1156990461982999,17.33937102865328
SYN0000483,261,0.5538769065130706,57.51714622923948,0.583714520133513,0.1375914266465836,,14.646688966661193
SYN0000484,714,0.7081660483652362,65.97750428226001,0.43665376337298056,0.1448198117382168,0.41958243673804846,21.089210086393567
SYN0000485,408,0.7979903810652811,72.95577573679174,0.34005345979710533,0.1380438408623864,0.2747360815093835,20.892856954072766
SYN0000486,794,0.763063994723123,47.97375279572113,0.33427277412407685,0.09733676884719991,0.8900448074926989,5.961943094472597
SYN0000487,553,0.7997606530965325,76.10970592009863,0.47540047806500685,0.2751611311615394,0.2097008654085425,16.904859908964255
SYN0000488,508,0.5261490560652422,53.875720160569465,0.6056783566737172,0.13182741273895932,0.4772061483466489,14.869910524863055
SYN0000489,152,0.8879451997633291,75.56838315360014,0.2809607615144454,0.16890596127777446,0.051550616035039146,14.699061892476646
SYN0000490,505,0.6830090100476855,70.68610625787622,0.3802481110513627,0.06325712109904821,,8.962512339565814
SYN0000491,354,0.5400169032545639,68.23642512968907,0.5416260174874414,0.08164292074200531,0.29629296262597177,9.331396533293216
SYN0000492,687,0.750565493590733,71.12348332870424,0.6237525328328892,0.3743180264236223,0.6874467644942462,7.041900646398447
SYN0000493,176,0.7988908215481888,65.52266381121969,0.5274129651923263,0.32630378674051513,0.19239628977236906,
SYN0000494,218,0.8109969999857639,64.65034267914992,0.25199773986631047,0.0629947398520744,-0.011373326875465745,35.242187870857585
SYN0000495,556,0.47679851644105187,51.80692330957335,0.613504410966339,0.13670589452528709,0.9852060429026797,26.585863967846418
SYN0000496,569,0.6651296306219482,71.64447222180804,0.6790942680886127,0.34422389871056086,0.5016320321256985,21.588647675672608
SYN0000497,677,0.6343869712247238,94.1464045274798,0.4797272459595613,0.11411421718428504,0.057964494543327694,16.47947280326784
SYN0000498,457,0.6562522143428613,95.76594075461526,0.6185761379384713,0.2748283522813327,0.1312322806169755,
SYN0000499,351,0.8614968691414139,87.86181115853931,0.29116323209125206,0.15266010123266593,0.08076517566719174,
