{
  "case_id": "scrna_commitment_tier2p11_dentategyrus_age_purity",
  "expected_sign": 1,
  "coherence_threshold_rho": 0.2,
  "c1_name": "C_dim_collapse",
  "c2_name": "C_label_purity",
  "n_windows": 3,
  "rho_across_windows": 0.5,
  "p_value_across_windows": 0.6666666666666667,
  "window_metric_note": "Window entries record per-window estimator values; coherence is assessed across windows.",
  "controllability_note": "Not an alarm case; FPR fields are not applicable.",
  "pass_gate": true,
  "verdict": "OK_PER_WINDOW",
  "windows": [
    {
      "window_id": 0,
      "n_cells": 1758,
      "t_min": 0.0,
      "t_max": 1.0,
      "c1": 0.10020430407853774,
      "c2": 0.32480091012514223,
      "valid": true
    },
    {
      "window_id": 1,
      "n_cells": 1758,
      "t_min": 0.0,
      "t_max": 1.0,
      "c1": 0.09753535676904235,
      "c2": 0.4072810011376564,
      "valid": true
    },
    {
      "window_id": 2,
      "n_cells": 1758,
      "t_min": 1.0,
      "t_max": 1.0,
      "c1": 0.10726155903488568,
      "c2": 0.5608646188850968,
      "valid": true
    }
  ]
}