step,d_force,d_info,d_constraint,d_force_alt,d_info_alt,d_constraint_alt,acc_test
1,0.0,0.0,0.0,0.0,0.0,0.0,0.0175
500,0.21752909873612225,0.0807122724735847,0.14186378593158253,0.10876454936806113,0.19441287299458399,0.07093189296579126,0.4995
1000,0.2631643950007856,0.011978797631754134,0.00488227033735017,0.12397631478961557,0.027871356502950473,0.022016540876147017,0.501
1500,1.206882790196687,5.684915350923081e-05,0.035326176713459945,0.36370885494397953,0.00013306988810812825,0.01983981461643851,0.505
2000,0.025896192993968725,0.0001193422225798102,0.02120879120879121,0.22340455156518146,0.0002793420661224566,0.007662130528104882,0.5005
2500,0.26967803039588034,0.00029550506311004643,0.010021668472372708,0.3966301014646887,0.0006915396154298925,0.032224113914254726,0.4975
3000,0.10615629376843572,0.0004455040778524877,0.0038702469776163984,0.3318930229637773,0.001042180433637796,0.004625406123461545,0.493
3500,0.14002222032286227,0.0005003912337362415,0.0352834452684852,0.30726458802819245,0.001170026038110894,0.0014548288627654615,0.493
4000,0.5253376835025847,0.01294840705987732,0.034561025079681895,0.039179506711661816,0.03046549645220331,0.0016078591895210825,0.505
4500,0.2725992507766932,0.000615486270048482,0.011461318051575908,0.010161104844883084,0.0014570864438456788,0.00034163544192197803,0.502
5000,0.147417122265324,0.0006643178765366464,0.004990180612343437,0.014291076781228207,0.0015716830982914765,0.0006646621300838984,0.505
5500,0.25848929083440453,0.0007971334323406687,0.005356676247713604,0.05863804013933993,0.0018845285491679853,0.002510046775149849,0.5035
6000,0.036738304304890335,0.000865901692046811,0.006804968287526442,0.0379812569357455,0.002045404296183051,0.00318564862104187,0.5015
6500,0.019830889301374555,0.0008822652799274078,0.03181656306656308,0.13908261577598746,0.0020822369793296325,0.002636756218418107,0.501
7000,0.013170175952836871,0.0009404489360890222,0.022104618034850587,0.08192873043008153,0.0022175345265442736,0.0005080962217631768,0.4995
7500,0.21105861756950617,0.0008973828568457076,0.027156211321737983,0.09465702949091792,0.0021140432018396105,0.004941302363642097,0.499
8000,0.5099209453910589,0.009615841923368729,0.0073389355742296825,0.05902501775417479,0.022751930511895058,0.004544850498338859,0.5085
8500,0.3678329789545387,0.0005724215046005732,0.006131621187800973,0.007193917175754905,0.0013605326385692784,0.00467951991828397,0.5075
9000,0.05094165122136474,0.0007106080643493051,0.002278841588858993,0.021348425280302785,0.0016878916026876745,0.002139561012800467,0.508
9500,0.035120733082294464,0.0007221587351805558,0.009755121638924447,0.03100660708732894,0.001714099264363611,0.0003303382663847887,0.5095
10000,0.03427491139154881,0.0007898479513261947,0.00599382553862321,0.0180600987048819,0.0018733480367330024,0.0039021388902381604,0.5095
10500,0.04709087742958218,0.0009366146242556495,0.004140649585106931,0.09334226585924621,0.002219529982399049,0.0016062218583708932,0.5095
11000,0.039740655454806983,0.0009398556763755561,0.02057242200830625,0.027723801159299954,0.0022251217557665015,0.004494382022471877,0.5105
11500,0.029675895522814244,0.0009287225361671592,0.04213483146067415,0.02347065001958981,0.0021967105633917683,0.004388352587434696,0.5125
12000,0.3833067280356772,0.007505249143495929,0.05415241817293598,0.060214842204004526,0.01781070236451221,0.004491106719367588,0.514
12500,0.2029339165892452,0.0005250458146520698,0.021948515827072274,0.012773076607845768,0.0012503392111735678,0.0013001686616777586,0.517
13000,0.1722831428050995,0.0005838737751009404,0.004863078375826252,0.012265376467257783,0.0013896608471508642,0.0011556829035339333,0.5165
13500,0.06740940595045686,0.0006896316548312686,0.003986551392891474,0.009164635813795063,0.0016403272685878711,0.0037561117767056507,0.5145
14000,0.06507086905185133,0.0007690824347941216,0.005755638916168926,0.0020856411079875903,0.0018279716486260256,0.0058219822986629866,0.5135
14500,0.023514670436270535,0.0008261367945160414,0.002793296089385472,0.07927863858640194,0.001962014138013224,0.005567160553801326,0.5195
15000,0.3660877018701285,0.004479504014322178,0.0033175281285698632,0.034525685105472825,0.010657952167039575,0.0018409630141008049,0.5085
15500,0.19081684132106602,0.0004318918224824886,0.013474355259345122,0.030818945402279474,0.0010296684028623382,0.0035632183908046178,0.516
16000,0.16776597395073622,0.0005413101181206414,0.009059029807130331,0.01621613057795912,0.001289903507036172,0.0009541021508002456,0.516
16500,0.028497117920778692,0.0006562224765097602,0.0028248587570621486,0.008901380351744592,0.0015627954626471485,0.0015402581826215733,0.517
17000,0.016008875390980393,0.0007402542664891598,0.008442199666520961,0.0009966711862943733,0.0017616868815273357,0.0026700388980487044,0.5165
17500,0.022033388901036233,0.0008198460426176446,0.023059849065741156,0.07862088934052736,0.0019495812377443578,0.002605436540813494,0.519
18000,0.0393721874570474,0.000769555549891221,0.02763131495525864,0.048331958567723654,0.001828537498248295,0.0002259553983691709,0.515
18500,0.2349515133537352,0.004010181430044724,0.012477502562488418,0.03221153889317063,0.009544032096505006,0.00045773915270241883,0.523
19000,0.1335268229013309,0.0004654502082229728,0.016412989548822837,0.011205597897060215,0.0011097126585153383,0.0033898305084745783,0.524
19500,0.023751384112983942,0.0006013769319248574,0.017102941414533834,0.0032535459962673707,0.0014330205563064524,0.001719197707736403,0.5205
20000,0.0969092579325661,0.0006811879538173304,0.001611747851002876,0.011721627810038604,0.0016221615789620003,0.002570422535211281,0.525
20500,0.04816128342645243,0.0006544663128128514,0.016559829059829057,0.005785066366661318,0.001557486942906916,0.006267806267806264,0.525
21000,0.00848991482052952,0.0008022806562428819,0.023902235936619887,0.039507253339979786,0.0019078626841100288,0.0010081414320153859,0.5245
21500,0.058241985039785504,0.000755861066320862,0.01380792411817014,0.02445028576767072,0.0017960748061760512,0.005036041301383187,0.5205
22000,0.03203234542161226,0.0007656181644375426,0.016066966516741638,0.013293539860751491,0.0018178761381260067,0.0015979402848718682,0.521
22500,0.029670709453057498,0.0007437643039673869,0.03424430641821946,0.00015416983515026406,0.0017646542754556904,0.004928571428571421,0.5195
23000,0.20468895882368088,0.004546102164346033,0.008571428571428563,0.03145970491459593,0.010806611135211863,9.768009768010288e-05,0.5305
23500,0.12038940947968513,0.00033823190673598624,0.029737609329446052,0.005683840054552969,0.0008057090876727457,0.0012647547762453248,0.537
24000,0.018002202385105193,0.00038976414873248544,0.015980995572832307,0.013731796585489064,0.0009281271903995858,0.0008301404853128802,0.5395
24500,0.0012370632612146437,0.0005040649543396336,0.014170692431561993,0.0075727401534095296,0.0011997700588555205,0.005217391304347813,0.542
25000,0.06031414901372045,0.0006428374405492709,0.027309529592745546,0.0014440522412769718,0.001529197697301754,0.007093375897845172,0.5425
25500,0.009216231119353324,0.000610629406940677,0.011004137620143933,0.03765049329958858,0.0014516703276998832,0.003178262659530695,0.5445
26000,0.054003798810299486,0.0006710396564791887,0.008849629768717726,0.02437337116571142,0.001594263713776467,0.004539185160102099,0.5395
26500,0.04819034057436511,0.0006391858840607556,0.01173147414912118,0.01113486257381735,0.0015175906344797596,0.0010033087842886146,0.541
27000,0.04568123526405543,0.0006612299162774837,0.004286236148881767,0.02051852227887141,0.001568908353928311,0.0029802000408246654,0.5405
27500,0.026799408020451665,0.0006401367617497877,0.0007303077725613061,0.013815574080217607,0.001517872389377839,0.0026277674322367217,0.535
28000,0.043601644050795585,0.0006764328378230378,0.004375254375254378,0.006938491493929194,0.0016028810202284305,0.0004481109668429406,0.54
28500,0.0954418558976613,0.0050402110930213295,0.006999131658532193,0.022950639447662985,0.011969427088916795,0.0008182105888800695,0.5455
29000,0.05529381724772975,0.0001462428175365016,0.02935796528352297,0.00225380788324403,0.00034814602088850677,0.007399677297648788,0.5435
29500,0.018333299143705517,0.00028926118525263167,0.02158175766814857,0.015056714764796197,0.0006884659790076242,0.002226078534242698,0.5465
30000,0.020533982140477747,0.0004353662910056011,0.011461318051575908,0.01630979994079096,0.0010358330739403954,0.00021224663058475035,0.5455
30500,0.020549798326101154,0.0004770319746445484,0.024128221431343577,0.0034795114654116444,0.0011344473365011432,0.00416284004180259,0.5455
31000,0.06900476780720055,0.00048614550347314545,0.044185528021601445,0.029409813275560748,0.0011555639154332553,0.003274439230811277,0.5445
31500,0.0005522798746824265,0.0006265888064931335,0.02201313544316022,0.018461505800951267,0.0014885680955223357,0.006999780914525355,0.5475
32000,0.009612514288164675,0.0005373458732942371,0.014532779403896384,0.020205662772059457,0.0012758136520578667,0.00022312649988362465,0.543
32500,0.1355925096431747,0.003826768274578396,0.006040677140421391,0.011019635584671061,0.009100809856785297,0.0013072546821145115,0.5565
33000,0.025233664782717824,0.00020070411780814812,0.012924415978979337,0.010082862293347705,0.00047817986425169323,0.0035480157725873984,0.562
33500,0.026992931147105992,0.00032195290064951365,0.03217610818445252,0.01848522962536664,0.0007668560554869863,0.0011461318051575742,0.564
34000,0.09686736017465591,0.00038983981095741527,0.033827261563651234,0.0007777864346280583,0.0009282247280699707,0.001216693418940623,0.5675
34500,0.008449730405118316,0.0004689006271970664,0.02196933010492333,0.00101034321123733,0.001115992530727361,0.0002706167212647992,0.566
35000,0.04594815551536158,0.000548869809039676,0.0033210095869144196,0.01893921403679999,0.0013056561311461934,0.0008145502319661657,0.568
35500,0.03714632272021845,0.0005704559192118985,0.014838796708485091,0.021321745624300087,0.0013562461004359427,0.00043167408606500923,0.5725
36000,0.010046283598057926,0.0005728980302344144,0.008155748487240183,0.01391390267526732,0.0013612737332167058,0.004372397853377424,0.5675
36500,0.014783417922444642,0.000555352691388955,0.0078052065318865715,0.0025028857751749622,0.0013188397232557492,0.003954095765730109,0.5635
37000,0.10927258298033848,0.004058583017282347,0.012122073063901312,0.022667456290218962,0.009655140138997265,0.0019846443575256834,0.565
37500,0.0197591861942783,0.0001272048773089951,0.02019110726975895,0.009525987948291015,0.0003032084508145516,0.0013893751790431674,0.5725
38000,0.03350630827480927,0.000280885245484197,0.013381148204513804,0.010253990837372856,0.000669387888858175,0.0010978454782489544,0.5755
38500,0.020476505858823657,0.0003587267828776275,0.004416122092787272,0.004149432945996512,0.0008546215450175865,0.0018457707571395143,0.5775
39000,0.019324932305607945,0.00043801448536706644,0.009015675976764559,0.003241130069363829,0.0010430989266883017,0.005209947258869724,0.577
39500,0.036626346642151475,0.0004178657058853119,0.022787193973634656,0.011288117198273495,0.000994690346900029,0.003076923076923088,0.5825
40000,0.04361017266637646,0.0005253320290425911,0.031992337164750945,0.016058314492693182,0.0012499143160353832,0.005437169055921481,0.5795
40500,0.01585132846958004,0.0005286514756666083,0.018465767116441767,0.00618678714381532,0.001257149541840974,0.0009322140082696495,0.574
41000,0.01973105891374871,0.0005456045346080574,0.00029311187103078784,0.006037697754800314,0.001296767723396819,0.00010761196391831374,0.573
41500,0.08296182478079572,0.004114321326836978,0.023864261891655608,0.014419653662480408,0.009796200516975606,0.0066835995376023916,0.581
42000,0.016861739102751017,5.816434094629841e-05,0.0004803073967339089,0.003722036513499921,0.0001387703704680554,0.0022222222222222088,0.5865
42500,0.010958814062178135,0.0002815834618646873,0.005022831050228299,0.010252308234339563,0.0006716968416493607,0.00962525586521809,0.5885
43000,0.02295373269589618,0.0002848836795436016,0.014751180249206713,0.0024912960012443697,0.0006793768210577866,0.008882338491771058,0.5935
43500,0.036356883123517036,0.0004037191127364004,0.05255332801226975,0.0008338688407093509,0.0009624383922091084,0.0016869494848890387,0.599
44000,0.0015195180894806981,0.00044113536401058084,0.005164967629144146,0.01773013741476462,0.0010511919982305606,0.007492795389049012,0.603
44500,0.028239395673153922,0.00045683862576051393,0.01921769258167924,0.020005668728845183,0.0010881230136909892,0.0037453183520599065,0.605
45000,0.05258027123636566,0.0005048966565359692,0.003312333571474979,0.007297851669136435,0.001202012092232252,0.004087417847810582,0.606
45500,0.04673303649178706,0.0005362834687483442,0.002890173410404623,0.012053712428314628,0.001276070482572944,0.006459619215571033,0.603
46000,0.05414583333185874,0.000544736941834878,0.021144774433592445,0.0060468308627605605,0.0012954848575139621,0.008280001273601428,0.6015
46500,0.09613100247224793,0.0042188595144033725,0.03972561073223835,0.02557693497510627,0.010051681496666909,0.0013678726529826046,0.613
47000,0.09859164082445204,4.113713870157465e-05,0.01595340592555078,0.011506485944846628,9.822057233321857e-05,0.0007150153217568844,0.62
47500,0.029976612189784646,0.00013625717140919313,0.0030472320975114264,0.006985754135530459,0.00032531725101314635,0.0006619950269642072,0.628
48000,0.04245463537517935,0.00028460033278443486,0.011173184357541915,0.007841434358851956,0.0006793471242820814,0.0023185972163916047,0.6305
48500,0.031369853706564754,0.00033889138449305634,0.05027932960893855,0.009261703048832698,0.0008086888904976774,0.011966223592114522,0.639
49000,0.0022878646559547633,0.0004297411758374947,0.04022666517264009,0.028030330612091342,0.0010250876741229042,0.004024231588861116,0.638
49500,0.023591569828568026,0.00040225129345550226,0.0039057661659909204,0.01303031641291455,0.0009591153191887969,5.2397170552803685e-05,0.639
50000,0.015698729548603296,0.000514666343347403,0.006068730784359377,0.01588589294115081,0.001226591759288187,0.0006566969079223883,0.634
50500,0.005394091072957963,0.0005203777206514992,0.015263979905646707,0.008473784080706537,0.0012395618793914487,0.004630735944715358,0.6355
51000,0.2563720348989591,0.003439550981050643,0.002796942010068998,0.049074593640398234,0.008205128140008622,0.004865741575058563,0.633
51500,0.18699301918968558,0.00016484106890179984,0.024103942652329735,0.011218416871270176,0.00039394129580383463,0.0016411970709964974,0.658
52000,0.012025717820506543,0.00010018578465975647,0.027184769038701623,0.01353158727288245,0.00023943422577099582,0.003014603503545654,0.6655
52500,0.03957376623293385,0.00019545146333765917,0.004962546816479396,0.0024770881165750436,0.0004670408376119539,0.0032358402971216227,0.6655
53000,0.029432873212499544,0.0003174840473648688,0.013393686165273921,0.0023306683113332727,0.000758449129063532,0.002495692917062503,0.6685
53500,0.05254751493339427,0.00037451913264996417,0.024073060554325704,0.04309557230444627,0.0008943927947426822,0.0017595307917888658,0.674
54000,0.023503110074670985,0.0003862471193196715,0.004550510668419466,0.010397590481443342,0.0009220497156094964,0.007490421455938701,0.6775
54500,0.028135071479482576,0.00047688687254121565,0.009124963980405326,0.013619461213238537,0.0011379338765311608,0.00022847485211729968,0.679
55000,0.010645204107277095,0.000439758450004879,0.01569875861207995,0.0035756671451963318,0.0010488582646805966,0.0019187675070027888,0.674
55500,4.359489166236017,0.0003923572684405574,0.03063435318878935,0.874208740744507,0.0009354134742234343,0.0068868403638098485,0.571
56000,4.270094940206036,0.0029275178809244906,0.03805929499649835,0.009680249716620848,0.006988309500228773,0.005539630746354995,0.6775
56500,0.06738829019013792,6.537731282008075e-05,0.03633477163559393,0.000903213693527416,0.0001562863294415351,0.0008172214470799632,0.6835
57000,0.009043375379405916,0.00017626438061413285,0.02454198099343588,0.008338903065305159,0.0004213141189675085,0.002266181955526192,0.687
57500,0.058192308963043615,0.00027426521313878016,0.0061938829404138696,0.00542859954875885,0.0006554119421315896,0.002112346354972594,0.6975
58000,0.033785201580030844,0.00032392175820594726,0.020889408551944932,0.8705693924799561,0.0007738447678851124,0.008192405993174279,0.703
58500,0.01276605436578393,0.0004002655189100368,0.006220949340344617,0.01910361531190574,0.0009558828162643529,0.0006636428741942924,0.7055
59000,0.025712414644658566,0.0003959367441717099,0.016319612590799032,0.00048347434494644403,0.0009451688270702974,0.0033393889347646255,0.7095
59500,0.043095474364236,0.003016346283009508,0.023271221532091102,0.006326945452019589,0.007209978282656682,0.00308523704249572,0.688
60000,0.01929914578795433,8.497049034938975e-06,0.0034008563899868283,0.014105578087037413,2.034107328974244e-05,0.005004184908575848,0.6975
60500,0.0060060659889131784,0.00020127652084012126,0.03125,0.006147324573248625,0.0004817850349136954,0.005423696801813149,0.707
61000,0.01894264155998826,0.00019750374679783356,0.01789936941671047,0.004912007134407759,0.00047266009068680503,0.007759380817086325,0.7105
61500,0.02109846315579489,0.00031347712665941163,0.006678972166901442,0.004450168425682938,0.0007500124892740878,0.003159663865546225,0.7145
62000,0.02543203387176618,0.0003827931694532216,0.016902215431627204,0.01815567007288335,0.0009155364203072835,0.004433465085638966,0.709
62500,0.020457342587178573,0.0004257064674808575,0.0016325224071702948,0.010204372397856792,0.0010177617642042058,0.004787131882202339,0.7215
63000,0.007632952037965879,0.000510030122364058,0.013388376234417992,0.0074765687924809865,0.001218788977666918,0.0041405433646813095,0.7165
63500,0.009675668581621721,0.0005050815316199886,0.008085498797878982,0.005623174196807662,0.001206351175264686,0.006103317488447585,0.716
64000,0.011835051845991984,0.00048715999187010084,0.006471137439232472,0.000963528803549718,0.0011629697397337324,0.006061750542913802,0.709
64500,0.06002461339812726,0.0029771337365874784,0.0010043311782060027,0.018054858257528394,0.0071160008488551085,0.0028821736922295393,0.6825
65000,0.049922740436159074,0.00017926411147728416,0.017659838609559275,0.0039788416528608594,0.00042915704201673677,0.006087636932707363,0.7105
65500,0.01302803965518251,8.503846292307049e-05,0.017659838609559275,0.000153356685768824,0.00020359108291811978,0.00012200603608811256,0.719
66000,0.0013988542486913502,0.00016588482819168693,0.011980495366034793,0.001502006180817278,0.00039709601714177367,0.0009010053497192638,0.7275
66500,0.019829714961815625,0.00025590817560317003,0.002019050720508009,0.0031009388039819896,0.0006124652235337535,0.0017914226934641342,0.73
67000,0.0236687776632607,0.000325205930776562,0.0,0.013637739408295602,0.0007780894806623806,0.0019922889291053847,0.7375
67500,0.01452893958776258,0.0004566690935189355,0.0009227780475959124,0.006558979238616314,0.0010922018981465165,0.005708812260536378,0.747
68000,0.01012707783957012,0.00045900464904913285,0.00687661949372137,0.001927955739665782,0.0010972852843074143,0.0035521684373688023,0.744
68500,0.25273583765374497,0.0023601866327279675,0.0006513066840348192,0.04889898264082149,0.0056475716613690885,0.001286330700968813,0.6895
69000,0.1973730744794011,0.0002959362540595478,0.0048754062838569645,0.005458424752578156,0.0007090718540045948,0.0007150595882990385,0.7265
69500,0.028579843696206808,7.42806688054376e-05,0.005678165845296762,0.004476211545988901,0.00017799836385012924,0.0004205735807603084,0.736
70000,0.020055555156432092,0.00023746050554429576,0.010553572129153727,0.003370888432255026,0.0005689366355445813,0.0015055852355512211,0.746
70500,0.011136572167742997,0.0002512599146636818,0.001092763477416242,0.003572787297889596,0.0006018518445705112,0.00034881403229020114,0.755
71000,0.013151467632269487,0.0004037339771248982,0.0039713289422704245,0.049604673759313295,0.0009667617509667714,0.001012818483937361,0.764
71500,0.0041094521002378315,0.00041761831054076826,0.03315098109869952,0.010951949283480644,0.0009995979058268212,0.004642296479031194,0.76
72000,0.008881544868927449,0.00048636604951346474,0.016090745431662112,0.007012289518024795,0.00116362424239691,0.006724812396304236,0.764
72500,0.017103364400099963,0.0005601336523930467,0.04529481880524466,0.0004194943932816497,0.00133941121591441,0.00022343693891394012,0.765
73000,0.014471691567450762,0.0006058955385132014,0.0005925468964341762,0.004702158353757119,0.001447994196769553,0.00011362513585616574,0.762
73500,3.957735552219674,0.0006380547308024731,0.028187580414722913,0.7894752456166315,0.0015239014424048847,0.004729625158634371,0.624
74000,3.906726964865811,0.002936474293317337,0.02416621017616563,0.008951743063516981,0.00702141098637199,0.006526579343141131,0.7585
74500,0.015466592332813889,2.846216951213343e-05,0.00462765735287976,0.013821370503865116,6.815690545192155e-05,0.008819196958897574,0.7625
75000,0.05842191452393308,0.0001405350198967481,0.004263983710624031,0.0012836852809413601,0.00033651318608063363,0.001092563544276115,0.7735
75500,0.013828705763444304,0.00023234338291244772,0.001533117738651335,0.004376394185237609,0.000556245955825041,0.0012806777127195579,0.774
76000,0.03237078955862671,0.0002701794678545699,0.005388854868340481,0.7936448741704226,0.0006466656299237705,0.007995964769332259,0.7845
76500,0.005025983729865402,0.0003720819590322666,0.007726125539363332,0.011294284451287245,0.0008902799361170111,0.001617497626226455,0.792
77000,0.0077045167272444814,0.0004536260343914744,0.010778271005652623,0.01592850626329892,0.0010849423087107013,0.0014636880454800272,0.793
77500,0.03121932959766127,0.0005116418038230153,0.01394369902657197,0.0019997425610199515,0.001223108800569861,0.0004722550177095608,0.784
78000,0.02824426128063351,0.0005400629385529099,0.016443041304919748,0.0064148508477955835,0.0012903724156414498,0.00345423973096326,0.785
78500,0.09220722573809326,0.003417135662625914,0.010102828165839767,0.01850075221154837,0.008176319820573763,0.00035590312412719927,0.746
79000,0.039896801696158946,0.00010709681092446743,0.005665722379603416,0.009516195126343524,0.00025670673019373424,0.0030342727079205323,0.7575
79500,0.025472508103121072,4.227172711046556e-05,0.004355229807035871,0.005962596851168206,0.00010132690671627032,0.004318880947643905,0.7675
80000,0.028969009348656982,0.00018542769409579662,0.010356333417275237,0.00607507093809545,0.0004444264995213665,0.0005411255411255367,0.773
80500,0.03295503446133807,0.000270139969167027,0.024642492339121552,0.006164788210298866,0.0006473144027632216,0.0010987646657148187,0.773
81000,0.018479300197213888,0.00026004593278150523,0.01913574418531458,0.01597251697676258,0.0006229617208326488,0.0007078185381801383,0.783
81500,0.006287881435127929,0.00042926223953887455,0.0323249299719888,0.0067355803505051715,0.0010279791437000085,0.008305949008498598,0.787
82000,0.019119008589768782,0.00045270986312129224,0.016657381615598876,0.005464880447834747,0.0010836525456427992,0.004103426723971626,0.7925
82500,0.02200055605499074,0.0004820416992746823,0.033802388499343666,0.004729032632894814,0.001153325062285493,0.004728317659352138,0.786
83000,0.014893021318130195,0.0005381041352203741,0.0003762046553325016,0.004840578522998823,0.0012868025993699739,0.0002754217395386782,0.7745
83500,0.07601936243008822,0.003052100906429156,0.012940708316752897,0.014059154002461577,0.007307865718796602,0.000963585434173686,0.7505
84000,0.021464113669935614,0.0002462537410469201,0.0051537563254184515,0.008508754981448874,0.0005905960919743158,0.006397820163487722,0.7735
84500,0.045187812589574605,6.134946422686749e-05,0.010044797487646057,0.0032949941814877093,0.000147149454573281,0.005075303337897186,0.7835
85000,0.0453157298034057,0.00013409961727717246,0.000315671895488312,0.007958028931170702,0.0003216125442615514,0.001622039982873913,0.795
85500,0.022696669155266136,0.0002341921442033934,0.009318408727485239,0.006397299363743503,0.0005615621025412132,0.003410480797304438,0.795
86000,0.03093960610567592,0.0003234746399796151,0.002142909324090697,0.014994494343409298,0.0007754335936804857,0.0012509209987719982,0.802
86500,0.0072069641028065234,0.0003913991101085479,0.008595988538681959,0.009260278788860904,0.0009379268650095973,0.001499027974048106,0.7985
87000,0.0038737253344152123,0.0004800974763643495,0.024173576421465448,0.0005520287959370762,0.001149977446605277,0.004324783760811912,0.803
87500,0.03549379619653337,0.0005242902297327712,0.031332887137155735,0.0014123579254373686,0.0012552018345721727,0.002004928045716836,0.8045
88000,0.06487486537662335,0.0005736394934423572,0.000706231501099025,0.009847997169708855,0.0013725950644047913,0.0,0.809
88500,0.005150139972101897,0.0006501676120902466,0.0014615921501005824,0.004690103942994017,0.0015547586298718663,0.0007209002948382615,0.8045
89000,0.016388803982408717,0.000717793541198497,0.00375829034635225,0.002853735967073584,0.0017153002207570545,0.0017499554821685803,0.8005
89500,0.11819293507141992,0.003295821131389598,0.01198021816360706,0.020010105980327347,0.007886135412868533,0.004188627133740269,0.744
90000,0.05475965316873044,0.0005943914217791946,0.0068506587775536976,0.0019594161072745975,0.0014250092649294999,0.0007078185381801383,0.7895
90500,0.05964609154034406,9.972023199311675e-05,0.02609000032561623,0.0030051708745304495,0.0002391548283222633,0.005784572303083602,0.7875
91000,0.024495783494785428,5.4196846248411035e-05,0.0024124757105687955,0.00893435556790792,0.00012998097000904707,0.005009758730949693,0.798
91500,0.01997376326471567,0.00016640441088422442,0.053626054320190464,0.0016618421184830257,0.00039904574996985076,0.0049637940638179445,0.8055
92000,0.007468484225682914,0.0002791462763718222,0.03252831107683565,0.020483048050664365,0.0006692570358572958,0.000854175481172198,0.8105
92500,0.0349020044086501,0.00037791881189930265,0.014522235407131157,0.016511518298648303,0.0009057679272266306,0.0023884908070876953,0.8165
93000,0.01816785742994398,0.00035998273098336586,0.015796741231703937,0.0009487285045906846,0.0008624617866037632,0.004447142625870176,0.8195
93500,0.0157646416046191,0.0005517975683703158,0.01448575171962005,0.0026949568826239445,0.0013214173029489906,0.006861797827680399,0.8205
94000,0.014082182518905029,0.0006394536575355936,0.018466863825783053,0.0015166407334618326,0.0015304199124024365,0.007556785801514282,0.814
94500,0.021076087257824838,0.0005959518106219974,0.03392669469259066,0.0012048798729665522,0.0014254251253169592,0.0057342153523709805,0.811
95000,0.05785716761602089,0.0025854346995964894,0.004593469910371323,0.019756714277900767,0.0061901185225652355,0.001911074288870468,0.782
95500,0.07425214897375554,0.00011970122477977796,0.027472883276671523,0.0012727129971608353,0.00028697976625657873,0.0004241541201230048,0.8
96000,0.008464400889351964,8.745279791688709e-05,0.027883036503726144,0.0035730955016333443,0.000209668599627566,0.0022553028366981698,0.811
96500,0.006469887099228799,0.0001561097242052112,0.019075117517043855,0.0005373184219933935,0.00037422840946854663,0.002133652098446015,0.815
97000,0.0007214215584099293,0.0002714347823657981,0.016028667586741235,0.00382218334125356,0.0006505481656442491,0.007857420357420375,0.8235
97500,0.021091794653329998,0.0003815671436719903,0.013417370959270397,0.01961197579512372,0.0009142040330227807,0.0042552521834919865,0.8275
98000,0.019175670546246693,0.00042565996432131215,0.03780581776151032,0.0009264118911232744,0.001019435327694218,0.006321839080459801,0.831
98500,0.0007499126659240574,0.0005527584695736998,0.04781447304516756,0.0006164857535622958,0.0013231827256015016,0.0023355517721714847,0.8315
99000,0.0015371898480225354,0.0005908363564531838,0.0073383482714468595,0.000984929635887949,0.0014135243698447653,0.0029471413855266526,0.8365
99500,0.013939175114501268,0.0007697960640414836,0.0045616883116882945,0.00362848034710625,0.0018404173640069743,0.005240537240537246,0.8205
100000,0.33383250414044596,0.0028390984368996675,0.016351896690879747,0.06735637941164896,0.006794704355956416,0.0007133162894927825,0.7645
100500,0.27000100328586996,0.0005445115147834079,0.0007909604519774072,0.00952104464522563,0.0013053644576919154,0.006689655172413794,0.814
101000,0.010065189213491976,3.769686663379623e-05,0.02857142857142858,0.007657989335712045,9.039749337214076e-05,0.0028410462776659873,0.8245
101500,0.03504739480558783,7.154786245233691e-05,0.024955609362389025,0.0009559483441989869,0.00017156964308817635,0.003617745249101162,0.8305
102000,0.00195837247883901,0.00017567533037143868,0.034618684538552436,0.004135457862867037,0.0004212121402229485,0.009629144494473996,0.835
102500,0.008671299845445901,0.0003018220011145045,0.031284555470357966,0.060896782996132964,0.000723497957001662,0.0001018540622264863,0.836
103000,0.03444995766039938,0.00034250286523640483,0.0070381945853797145,0.013786573871038849,0.0008207496590340035,0.0014639769452449714,0.8385
103500,0.010879707580897957,0.0004111658777935512,0.014299356866987245,0.009597594512160856,0.0009849176307699103,0.007110180142438194,0.849
104000,0.00010018431930802763,0.0005055037679200236,0.005750421861432847,0.002568078687181702,0.0012103422459310842,0.000968973897673836,0.8465
104500,0.0011611451336648315,0.0006401613958663122,0.014107388558261352,0.0031919822096824757,0.001531879135087344,0.008776240721688922,0.8425
105000,0.039138128340709955,0.000625545533569527,0.0018671023238755746,0.002901383489370357,0.0014959569726702426,0.0021459091628422133,0.8395
105500,0.040133730362867936,0.000734360341069773,0.024814052856464625,0.0017646289488766342,0.00175498776272498,0.00422454032552666,0.817
106000,0.08727566359448247,0.00336019440932267,0.02253521126760563,0.01704382015159353,0.008040807586830123,0.003142373301391943,0.803
106500,0.03281088673975319,9.049993050924687e-05,0.03643354379148453,0.010461605939781293,0.00021693649305154494,0.005294419829191571,0.8185
107000,0.05958631035173312,5.9006817712425885e-05,0.04827421532786613,0.0012234271038323585,0.00014144688946338135,0.0015389455247294126,0.83
107500,0.020077363529708236,0.0002269213899421807,0.035768596628835775,0.005035580066032719,0.0005438818365601783,0.005241353336262633,0.832
108000,0.0005082001443952322,0.0002657706336826049,0.03797330850403477,0.0028895259776618443,0.0006368382289112517,0.007316118935837251,0.838
108500,0.0009873231465462595,0.0003059405049048447,0.0033395755305867802,0.014763071370543918,0.0007328835401589906,0.002141161576198758,0.8495
109000,0.008818382601020858,0.0004122628211115087,0.01246936372027882,0.009964570542797452,0.0009872251375839802,0.0069339975904399165,0.849
109500,0.009877335192868486,0.0005230798476734133,0.0003510461993126157,2.2775511024503148e-05,0.001252007463454774,0.002650636235270787,0.8495
110000,0.009768109099240974,0.0006022673764755071,0.015891313297653364,0.0020846263971179835,0.0014407343268856287,0.0013248204309656841,0.844
110500,0.0021368640882428735,0.0006673293791165102,0.0023741301678264493,0.0024103591858875006,0.0015953615537456223,0.006744667303406587,0.847
111000,0.08311805615085177,0.0021695421644970514,0.005730659025787954,0.014410716673592117,0.005190548462381983,0.007222884002446778,0.798
111500,0.027209261315874755,0.00047267815718776696,0.02715240824123344,0.010732540930621315,0.0011323595801480124,0.0007014703898556574,0.8265
112000,0.006342051550745964,8.47516994940678e-05,0.018556419702551508,0.013976418279344205,0.0002030898791560709,0.0030800227905171673,0.8365
112500,0.06428772601066157,5.7168209773195144e-05,0.014861838421763335,0.0008347487426362821,0.0001369936533310856,0.003070607553366189,0.842
113000,0.00434290332486853,0.00012831913369992787,0.002122518286311381,0.000461204739985982,0.00030746592801245143,0.0031209299296691695,0.8485
113500,0.018980095570441335,0.0002696109291968618,0.003912337662337673,0.012366387376096105,0.0006458871763928009,0.005049529267294295,0.85
114000,0.0015829437761567533,0.00031807585740184496,0.014901960784313745,0.0072411238681524825,0.0007617671866086972,0.003361344537815114,0.8475
114500,0.027653618424665183,0.0004260179036508216,0.008666714549067506,0.014040257863234734,0.0010199005578259701,0.0020832823125086775,0.853
115000,0.026670621416997164,0.0005407584397619791,0.003910236001926526,0.004151411622297013,0.0012939674564060866,0.00010703817145868433,0.841
115500,0.044856780383270234,0.002611305949898002,0.009155880512465853,0.012254187033977376,0.006255003220239086,0.002148641588296779,0.807
116000,0.024289879598654807,0.00023131758044525608,0.007414602557875988,0.0036001920001581256,0.0005548755209092704,0.0028490945674044255,0.8275
116500,0.00251045887125656,2.991059389423345e-05,0.02023263174552936,0.004418872529640794,7.17577289117699e-05,0.001782960375161291,0.832
117000,0.030612565111368895,8.92889140677866e-05,0.022820956053453884,0.003827083192300046,0.0002142043549646644,0.004514573745342976,0.837
117500,0.004493632557569072,0.00021843013466493755,0.027205524917444712,0.0006083145795855727,0.0005239338873734845,0.000144484037760656,0.842
118000,0.03828341394546442,0.00030253456891693453,0.019735072087612965,0.017236353445332503,0.000725480621531549,0.002260322352790084,0.8465
118500,0.019646153989015147,0.0004105360971899952,0.0023356374080737152,0.008449146727798507,0.0009841183268681775,0.0012445293228296184,0.847
119000,0.02055295105674304,0.00041334463215725314,0.03290318438623521,0.004840648290701188,0.0009904427309499475,0.0012895812053115296,0.847
119500,0.20480290113482624,0.002228637003763967,0.014746827246827243,0.042242444958537795,0.0053450365160689906,0.006223975454744679,0.8045
120000,0.15149802120868117,0.00041055217638985564,0.0016176541600270433,0.01104411420528778,0.0009859450340985454,0.00045933963925035015,0.835
120500,0.04640551295597106,1.6789101992098487e-05,0.008474576271186446,0.009419694403186435,4.032712989721077e-05,0.005182590032509565,0.8445
121000,0.021157046547159553,0.00015805251544875887,0.016568086551684152,0.001259054295951495,0.00037960619644072935,0.0089633348244611,0.8475
121500,0.004205366189125925,0.00021840561748442955,0.017333322065124612,0.002010462677571906,0.0005244618937387813,0.0010839664658108261,0.854
122000,0.009845574852079153,0.0003336119492342027,0.010972539666766035,0.04494015787495301,0.0008008881431278425,0.0003291089497985955,0.855
122500,0.002628969756187871,0.00043467874946623297,0.011737775180206494,0.0141147596819792,0.001043114168921555,0.0016949152542372614,0.8625
123000,0.023584468493936583,0.0005057790377642757,0.01976614261208945,0.00011676339199764851,0.0012131654819316218,0.003953228522417862,0.862
123500,0.004716351366369054,0.0006232343003819141,0.032017777221370225,0.005057916190708056,0.0014940509447769479,0.0008632903884806808,0.8635
124000,2.660279649629956,0.00030059134977200586,0.05460117002507198,0.5362727728788741,0.0007202610441705559,0.00831685998047016,0.74
124500,2.6223241310217418,0.0013571958531518602,0.02086129358856631,0.013777061644941635,0.003253759447840565,0.001950093329403657,0.834
125000,0.03795796068152413,6.29055555645408e-05,0.024118282738972402,0.005659675557399102,0.00015091772793329739,0.0005260081823494911,0.8505
125500,0.008729804889298975,6.106372529846027e-05,0.01326765188834153,0.0026887428364716914,0.00014649909829378416,0.0018257063270990803,0.8605
126000,0.009191024350002408,0.00018925083589349523,0.01165329052969502,9.273230680262312e-05,0.0004539783141837006,0.002247191011235966,0.867
126500,0.019242266658693552,0.0003187725589813839,0.026268675145079634,0.5359971155645327,0.0007644831464168611,0.0034193079647625024,0.8705
127000,0.010021372872870415,0.0003950323411389123,0.026772247360482643,0.0135365639347583,0.0009470319685407347,0.004601498719145808,0.874
127500,0.0011969653714913875,0.0005514916030212591,0.0028011204481792618,0.0061843648727517575,0.001321494496607567,0.00033806626098714654,0.871
128000,0.014841697557130828,0.000605972717950598,0.03071173220669482,0.004961986339185376,0.0014512030663040854,0.0031507498026835112,0.8725
128500,0.02283812573296018,0.0006540208522318736,0.06551565377532229,0.007691406615776941,0.0015652838619479859,0.007621722846441942,0.8725
129000,0.046818791510304436,0.0008829364991355115,0.04976190476190476,0.0055208050180226564,0.0021115299361862405,0.002923076923076917,0.8655
129500,0.0332065453985706,0.0009362256836209504,0.004799044966175864,0.0008837705128826034,0.0022369346642308052,0.0014715635557843998,0.8655
130000,0.07167293172096834,0.0028170759330301554,0.01576117912345998,0.015457749931374581,0.006737206377010807,0.0011204481792717047,0.844
130500,0.0481245166156441,0.0002572248573533553,0.00268537166932889,0.0028645070968195685,0.000616114835395809,0.006725720286744896,0.8535
131000,0.01806925394339487,2.6983750176623467e-05,0.01962809917355371,0.003818281454732647,6.464169749653692e-05,0.010303030303030314,0.8535
131500,0.028131224506068975,5.866162611645187e-05,0.026043007983517885,8.076805388554376e-05,0.00014052631695404827,0.004857952246054231,0.861
132000,0.015376335592009127,0.0001986328053017461,0.003729537140635286,0.0036468100151978433,0.00047577177327973175,0.0031522358246919846,0.8675
132500,0.0177113720565103,0.00031932105327692195,0.0004138018843901359,0.014230050740297873,0.0007646501504408043,8.276037687804383e-05,0.8695
133000,0.02699281508103013,0.0003655316695627686,0.01186589653440484,0.010003710433375085,0.0008750069891196866,0.0017533445961371852,0.8715
133500,0.012160449899965897,0.00048638893490959845,0.009024987443495724,0.003957769664702959,0.0011638183700650728,0.003977272727272746,0.8735
134000,0.03233127546263859,0.0006917336954891384,0.014024430180770237,0.0031177594733889924,0.0016541871058284308,0.004036214905584895,0.87
134500,1.9750506721029524,0.0007124740803170493,0.006285401967604104,0.39496764206560325,0.0017038025876532359,0.0020332270839370503,0.7535
135000,1.9095648132497445,0.0019928114365805882,0.006465517241379309,0.016596953826956473,0.004772038281736446,0.003409090909090917,0.8405
135500,0.0627730154665187,9.045168694687966e-05,0.014180672268907568,0.009440913749858781,0.000216823667525734,0.0038720460559914516,0.852
136000,0.0035196582321077585,7.080369069456527e-05,0.025042495630730938,0.006304892123443984,0.00016972670410986268,0.0006685444185443867,0.857
136500,0.0014944211579859257,0.00016929635161822,0.02336182336182338,0.00013752126251342922,0.0004057791649105802,0.00253602305475506,0.868
137000,0.006310899392701685,0.0002736705389576599,0.02336182336182338,0.3961347930366173,0.0006558039139181737,0.0008792612240887954,0.8715
137500,0.0006294022314250469,0.00033406400051450014,0.0006874047571722164,0.01434771083295347,0.0008002831394717802,0.0020348837209302473,0.873
138000,0.006370476097799838,0.00045386261860369537,0.002956108745496233,0.003067202959209675,0.001086844244082119,0.00427979642561252,0.8785
138500,0.0011202030000276864,0.00047496204779329254,0.016016560457847967,0.0021392307127826027,0.001136842005818206,0.002474609391035887,0.874
139000,0.012607254990143701,0.0006361202797900978,0.029937768867727532,0.0049595659424085115,0.00152173552688728,0.0011594202898550787,0.873
139500,0.8220755724760238,0.0007020402371958889,0.025515411308430297,0.1607177284313366,0.0016783068479764296,0.008616026644195668,0.832
140000,0.764181075268425,0.00386257514987165,0.05117898401645832,0.00800739382393656,0.009248533349691446,0.0017572511105304334,0.847
140500,0.05404455855023116,7.087005732575591e-05,0.026303081034094206,0.0015274226665497048,0.00017002491867135205,0.0029121433471891445,0.8575
141000,0.026968618505634367,6.353264723257812e-05,0.019701163938937727,0.0036422604345716647,0.00015242223889444517,0.002175222650971198,0.8655
141500,0.012484177656006068,0.0001711568129647567,0.00485875706214689,0.0036668759013991914,0.00041057699742985676,0.0028405797101449526,0.8675
142000,0.02089045345201157,0.00024522849014763093,0.0074932614555255905,0.1649263292842079,0.000588140289730088,0.009442314262936069,0.868
142500,0.014848141669062898,0.0003667931543946956,0.03477617462079172,0.0091204858967103,0.0008794240355012306,0.007748717464513888,0.8675
143000,0.00873745942953974,0.0004334072005230949,0.023721269329649686,5.906607257202823e-05,0.001038722338237541,0.0022561526082348626,0.8775
143500,0.013584534986875951,0.000579875665963181,0.008913756511672782,0.008169696771074098,0.001389051041808198,9.867112278191814e-05,0.8795
144000,6.18276244495064e-05,0.0006653256983265576,0.0030025424754832886,0.005660495714982977,0.001592748587456505,0.00046991404011459403,0.8785
144500,0.016086836287286133,0.0008196199370873458,0.00967739389203312,0.0017349622328765857,0.001960663194722212,0.002964217029397115,0.8805
145000,0.015803270391188562,0.0009828193817070785,0.013170520320673534,0.0043953201791737395,0.002348944769758443,0.006625121958895919,0.8695
145500,0.08054573016124777,0.0017559059795231313,0.015901176161377206,0.013461317738983791,0.004198249672032084,0.0012993671393094763,0.8465
146000,0.03967416047817096,0.00027972072234849765,0.008288627905852802,0.008243392640724767,0.0006694738569033021,0.004739844022814577,0.863
146500,0.0003324021236039698,2.668746103584585e-05,0.003902662993572087,0.008164546691114105,6.388262800971489e-05,0.003358802929003507,0.8705
147000,0.017901000566780567,6.340320868369886e-05,0.015467171717171713,0.0013669793203007208,0.00015176749990120086,0.0016701101928374706,0.8735
147500,0.00012639519991353154,0.00027435575567158477,0.003977272727272746,0.004552912438521184,0.0006566111850019318,0.0001685393258426815,0.877
148000,0.011243784276302904,0.00026589152997369414,0.018304843304843305,0.009307476738467824,0.0006361820196363333,0.006672664567401426,0.8815
148500,0.028159934299765155,0.0004206921756073623,0.023014988232379546,0.007004631502786657,0.0010062183529151447,0.003727392502096055,0.8825
149000,0.016650453442707658,0.00049450820903163,0.009945027486256863,0.010268241766607372,0.0011822316262026789,0.0009578544061302485,0.891
149500,0.014457045792369172,0.0006764370686686005,0.02392483533514142,0.009579450811725121,0.0016162264239039104,0.0026493871297242344,0.888
150000,2.686307538941037,0.0007472576185894031,0.05962177559740467,0.5276567779364996,0.0017855028009527985,0.010070422535211287,0.775
150500,2.5695345341810025,0.0019825022763053646,0.025913910428865344,0.011501114245038524,0.0047434759147475525,0.008548609110406863,0.8575
151000,0.05208310968009755,8.229652491398287e-05,0.007888906472543117,0.0067164791689720005,0.0001971118782977399,0.0023678301694223247,0.8695
151500,0.010270472732372582,2.0929546597492354e-05,0.005633802816901401,0.007992475311038971,5.0130778067369874e-05,0.001505585235551249,0.875
152000,0.0057676652213558555,0.0001586091563879899,0.010594177308750452,0.009730351425241701,0.0003798690357399437,0.004171716840829398,0.8865
152500,0.020037426380440593,0.00020728599443275986,0.010594177308750452,0.5315386416390538,0.000496359279781089,0.005633802816901401,0.892
153000,0.012162401399109513,0.00035195563201273483,0.02679203713903533,0.015199254523031419,0.0008425441533308486,0.005809428158935398,0.8865
153500,0.003288929961854592,0.00045030149407565556,0.031921077275809756,0.004124846594640991,0.0010775413165999836,0.0021525685907351766,0.8895
154000,0.0009695813059806824,0.0004893713753441054,0.029610188867599474,0.0018768357869703156,0.001170482862875133,0.004896229746165021,0.891
154500,0.06079419903107919,0.0019903276724438923,0.0065697588227491555,0.01143553706351666,0.004764058370736013,0.0014634425198651047,0.8425
155000,0.0414110510610044,0.00015361911882649792,0.011864025388548777,0.007160812127403937,0.00036809781813440523,0.0012094729039053842,0.8635
155500,0.018374489329289645,3.6511926849946974e-05,0.0062617844921902255,0.00840322971343993,8.749397653540214e-05,0.002896577625463581,0.871
156000,0.04854707155027427,0.00016349910941093615,0.016782781488663856,0.0019639705889858416,0.0003917557347792311,0.006844194127431119,0.8725
156500,0.011745751748094335,0.00032482765441288475,0.03135481528833331,0.00019126349943690557,0.0007781206304642296,0.0053488067037554266,0.8795
157000,0.0300192441791296,0.0003731403369705566,0.006768705886035314,0.005963727470953001,0.000893541179531887,0.005388596116412653,0.8805
157500,0.050153830903582275,0.0005290723662074726,0.002726317172513454,0.007712283439468615,0.0012663727037875994,0.0024705276042002455,0.881
158000,0.010538092872593552,0.0005696828758565697,0.01830318690783808,0.009279562730807794,0.001362827964722868,6.224712107061325e-05,0.8835
158500,0.036259328306186944,0.0007294188756702402,0.01569365976145637,0.007681717240484415,0.0017438245056831114,0.0002800714665121551,0.8825
159000,0.04177854082081467,0.0022834577355574925,0.013889563401486088,0.01368827505502851,0.0054633156912586855,0.0032129789108573115,0.8595
159500,0.06291084981057793,0.00013399993588170123,0.01864120443215131,0.004897743742913019,0.0003209909288957036,0.008294960974494614,0.869
160000,0.017859976389445364,4.5466069399702214e-05,0.037507306618172365,0.008705017715692542,0.00010891678267421767,0.00024823621635744475,0.8755
160500,0.02432408306049183,0.000154099173438893,0.012981654288072103,0.0017325825290754326,0.00036911727259170135,0.0008160703075957287,0.883
161000,0.00886177213396877,0.0002246894647390807,0.009490255824287447,0.007291637558955705,0.0005381018884285105,0.0020567510950295076,0.886
161500,0.005587857973296195,0.0003672279853160765,0.0389747191011236,0.014529774128459377,0.0008792027642172684,0.007073782234957027,0.8895
162000,0.00668603740632534,0.0004056120107598371,0.04160714285714287,0.0006103966850787568,0.0009707251057395894,0.00248059454995872,0.8895
162500,0.008811406936729327,0.0005432993376154327,0.005177584846093153,0.005944673350313678,0.0012996265642306604,0.003985349804457167,0.885
163000,0.0019233403727412224,0.000688166987322214,0.010489456073457332,0.0006951886636670512,0.001645151253541588,0.003486910161534157,0.8815
163500,0.002377866709139198,0.000680378107473345,0.008684773396827966,0.0015527391049545147,0.001625418328973005,0.0001480956826888924,0.8805
164000,0.10086518680327572,0.0020223697370775895,0.013850437870777665,0.02060820487095044,0.004834670215116965,0.004876760563380267,0.8405
164500,0.05978337116539478,0.00045870050728236134,0.010522186041037301,0.007314323156606406,0.001097928870208431,0.0013402307998408303,0.8625
165000,0.02933803788619116,4.044551321469303e-05,0.0252037845131661,0.003208996966714034,9.683307415953024e-05,0.004736043072011031,0.873
165500,0.005937155976425856,0.00012839170784562093,0.031161473087818692,0.001636897696880607,0.00030737691527527033,0.0035941427602441955,0.8815
166000,0.00984594109468162,0.00017995077718124808,0.016012525927540072,0.003130512573989108,0.00043074579179025463,0.0013453171046294288,0.8805
166500,0.010228351748082787,0.0002991535644623067,0.022289257583375216,0.01908819513628257,0.0007159084085457401,0.0003424468378900869,0.8885
167000,0.005386728851590306,0.000393750297902451,0.013997506517057695,0.006054175132885586,0.0009419627216780135,0.00035261725731400295,0.887
167500,0.02990526388748549,0.00044270503127774585,0.010338900217394975,0.006167620333144441,0.0010586335293143456,0.00675591968879824,0.8905
168000,0.012529876781627536,0.0006299187780797189,0.02807442117316486,0.0024742137815337573,0.001505507171405629,0.005091259163398504,0.8915
168500,0.20641259776311927,0.0014842168021366176,0.0019522415065590382,0.03683911755215377,0.0035487970092185073,0.0022792022792022804,0.825
169000,0.16896396374795586,0.0003543982936131673,0.03760683760683761,0.005091995152179146,0.0008481538728024596,0.0007843137254902044,0.866
169500,0.020844053709879518,6.269361097788195e-05,0.002292263610315204,0.008183460123837,0.00015007103584574466,0.003125362306838686,0.8715
170000,0.04706656766938977,0.00010772469109543437,0.02270773638968482,0.004751199367456133,0.0002578570884930187,0.0034839650145772616,0.873
170500,0.004808022960787639,0.00017238212709158596,0.010694050991501391,0.0032068286032881643,0.0004125677043034237,7.890978244551317e-06,0.874
171000,0.006540390430018306,0.000327999106583432,0.019538062133562684,0.039383769035339355,0.0007848144649260647,0.004290169749779749,0.884
171500,0.008531849656719714,0.0004339562207552605,0.009976213577039844,0.007297346217092132,0.0010379461001734924,0.001235955056179766,0.8845
172000,0.009749054559506476,0.0005823415051009473,0.014156983258106853,0.013415967870969325,0.0013921497194333554,0.002053894317504662,0.8885
172500,0.002694768598303199,0.0006199363543383241,0.0011783411216839124,0.004541608056752022,0.0014811335998810016,0.006359773371104799,0.893
173000,0.12358720874181017,0.001890112093819618,0.030160690217347436,0.0192142290994525,0.00451866934536449,0.0024664455259355844,0.8395
173500,0.08865029830485582,0.0004362309560527189,0.006666505250074645,0.002792247524484981,0.0010441059741390646,0.002774467950791837,0.871
174000,0.023863035370595753,5.2115531883223376e-05,0.009515508099077502,0.0002739896182901991,0.000124767454264596,0.002866609046384333,0.8755
174500,0.0009277145436499268,0.00012060751743503406,0.03934938560977341,0.0018613642023410648,0.0002887311528447789,0.0021718714239490067,0.881
175000,0.022376269422238693,0.0002192805457822411,0.014870559431230529,0.006875571806449432,0.000524862524670322,0.000566572237960361,0.8845
175500,0.019251417834311724,0.00026621412864069605,0.03302583472555143,0.02169215350877493,0.0006370465074376774,0.001139601139601154,0.8835
176000,0.009282329119741917,0.0003941664040298942,0.00041993972629811305,0.005818559671752155,0.0009429230347137718,0.00010971196515419113,0.8885
176500,0.000950455287238583,0.0005214397968982265,0.007257546563904954,0.0008558615401852987,0.0012468149316173793,0.0003418803418803462,0.8925
177000,0.012357210565824062,0.0005984955963042049,0.014422779325286295,0.0014300376642495394,0.0014302619684105622,0.005327201598777753,0.896
177500,0.018678394029848278,0.0007952058010644025,0.026911300904716967,0.006780895026167855,0.001899028740469877,0.007735349893475046,0.896
178000,0.07379514761851169,0.0018792687063308167,0.01780933535094867,0.011828418064396828,0.004490310092285732,0.0024316841218249563,0.865
178500,0.032921722216997296,0.00022628536550139966,0.028600572796108115,0.007100539444945764,0.0005412539412561479,0.008235786626306224,0.8835
179000,0.010818276088684797,1.9188717396145805e-06,0.007279274842641459,0.0047467931697610655,4.590280979765993e-06,0.005328422344996919,0.8875
179500,0.005562780337641016,0.00011059003787106114,0.03635266261200612,0.003387907124124484,0.000264536071395316,0.004826666042461569,0.8885
180000,0.045926305843750015,0.0001908761350704058,0.037647058823529395,0.0020616752386558856,0.00045651501194265975,0.008085005903187725,0.895
180500,0.01666185978683643,0.00032605834985643956,0.03568546727048166,0.013488332804990927,0.0007796263469099785,0.002613954621098341,0.894
181000,0.012459049845347181,0.00034573846487673254,0.023791406275297078,0.009395798330660926,0.0008264051249828874,0.003575787925260532,0.895
181500,0.02637297281762585,0.0004815969828940725,0.011235955056179775,0.00195754854939878,0.0011506663383022975,0.00012725805450367056,0.898
182000,0.11877389869187027,0.001995654931098767,0.03453594856140807,0.020684675121447088,0.0047717748275006855,0.0004906008646232973,0.8545
182500,0.10078284377232194,0.00020422262036490224,0.02947976878612718,0.009713367535732681,0.0004888503861679716,0.00114285714285714,0.874
183000,0.007018590869847685,2.73329691090618e-05,0.0005571030640668384,0.004977277404395852,6.543307634432338e-05,0.0061056569240525715,0.881
183500,0.014687797956867144,0.00018442051079614608,0.007776230269266493,0.010406646964838728,0.0004414421193219553,0.0029026217228464435,0.88
184000,0.028543624037411064,0.000274599122877639,0.011752136752136766,0.0005766724061686546,0.0006571492539126922,0.0016949966388168647,0.887
184500,0.002009763935348019,0.0003977011666497221,0.004604119217299724,0.0239294993574731,0.0009514276133102406,0.00429136923000481,0.8895
185000,0.00851291517028585,0.0004854641777717328,0.009640895027714508,0.0054755136370658875,0.0011608719039721827,0.00353276353276355,0.894
185500,0.003005331993335858,0.0005850883009160812,0.0044454268592199475,0.003470729064429162,0.001398350557904049,0.0027550987737329224,0.8935
186000,0.017363028950057924,0.0007067391749079333,0.008815507500487041,0.009880894445814192,0.0016880033218154011,0.006073446327683585,0.897
186500,0.0687549852009397,0.0021598769405873908,0.018615094886281325,0.00957882740185595,0.00516248448982326,0.0,0.862
187000,0.028401992487488315,0.0001865796370327244,0.035470085470085455,0.003496476117288705,0.0004464814692823893,0.006173193250557152,0.872
187500,0.005911212298087776,2.3539868992616952e-05,0.0013538748832866432,0.004016816691728292,5.633504419355617e-05,0.0039742392683569105,0.8805
188000,0.008378876373171806,0.00014732805015882366,0.04039215686274508,0.005091525567695515,0.00035255179958104677,0.003215106732348094,0.8875
188500,0.03940578119363636,0.00025190043612777213,0.03288547146904086,0.0006829751189798006,0.0006026702082051472,0.001598886061362631,0.8885
189000,0.006480344774900004,0.00038590151470141443,0.0185997571833266,0.011771952966228127,0.0009229725649118059,0.0016019536019536151,0.889
189500,0.026459643297130242,0.00043355232941477695,0.011428571428571427,0.0007996258093044273,0.0010365157156493332,0.007777777777777772,0.894
190000,0.019422376615693793,0.0006824185201801392,0.007386363636363635,0.0035018586728255974,0.001630582762681243,0.008984275528393176,0.899
190500,0.0048873741761781275,0.000720358327628623,0.033597189847189846,0.006155108782695623,0.0017200299745279146,0.005813593813593809,0.8985
191000,0.02638300394755788,0.0007861506002947438,0.0062108262108261925,0.007002648245543253,0.0018757115474796748,0.002005665722379618,0.8885
191500,0.05293727447860874,0.002939536931444442,0.010476190476190472,0.016294034186284972,0.007021129278513172,0.0003809523809523707,0.8725
192000,0.06558610539650545,0.00010115890518269666,0.012825760676763526,0.0021151155524421483,0.00024198714278833577,0.004469914040114625,0.882
192500,0.017388983018463477,7.289271791577345e-05,0.0006225507019658183,0.005247156374389328,0.0001743726842424742,0.005822676626994178,0.8875
193000,0.04832095613528509,0.00016082106554349274,0.020027302784726225,0.0034395600174320917,0.00038466838532302816,0.00490222189938902,0.8915
193500,0.02259269924252294,0.00027777017409025273,0.021829695050824854,0.004197620958439091,0.000664253623666955,0.0007058823529411395,0.8965
194000,0.01415018791158218,0.0003500733864970629,0.025808614043908162,0.01761511343647726,0.0008368952123705142,0.002360602360602343,0.899
194500,0.010076244579977356,0.0005062205768737726,0.022279202279202298,0.006513141273171624,0.0012096670261336762,0.0004699140401146218,0.8945
195000,0.012710908515146002,0.0005885486762637893,0.0025352112676056138,0.012533119579893545,0.0014056290072370636,0.00016163835379967573,0.9025
195500,0.019366173160960898,0.0007838930948895761,0.006524617792223436,0.001004306279355674,0.0018708852258364495,0.005472022469189625,0.899
196000,0.01886784567614086,0.0008510000922277161,0.02679994205417935,0.00025933556607923847,0.0020293871361340976,0.004253904951811244,0.897
196500,0.044859842033474706,0.001593735556575604,0.009168684422921708,0.012061341555090616,0.003802006664110902,0.0027415547415547137,0.859
197000,0.020861437020357698,0.0001415983491139805,0.024729620661824075,0.009904303067014564,0.0003380894190372352,0.003231638418079108,0.873
197500,0.004800225928192958,8.754877819883156e-05,0.01262878032568962,0.01148643958440515,0.00020904280067224335,0.0001988400994200612,0.8755
198000,0.006135798670584336,0.0002090053340429998,0.0066280033140016514,0.008840364686329844,0.0004989742112520013,0.002431684121824984,0.8745
198500,0.03807368992420379,0.00027447942776692713,8.459163388740976e-05,0.00254794243373907,0.0006551270674179932,0.002911385962233448,0.881
199000,0.003380710433702916,0.0004155653662841763,0.01309520664359376,0.0121960529271746,0.0009915286094699383,0.0036966904063678308,0.8825
199500,0.005419487075414509,0.0005786125443791867,0.005399488641469052,0.006939868108020164,0.0013798690349777765,0.0023291314542908115,0.8805
200000,0.0005313344445312396,0.0006429732590115256,0.019354941695732347,0.0060860898112878314,0.0015324195101009686,0.0036743637282993236,0.8855
200500,0.00039310257125180215,0.0007816217517145896,0.011702871993069908,0.0072346290311543215,0.0018615386385003596,8.188666885039497e-06,0.8875
201000,0.12636579207901377,0.0009478565191722854,0.015048366792552836,0.02565326736948917,0.00225763704223203,0.003018403018403004,0.8475
201500,0.10958859078527894,0.0004730935468792996,0.013211948056140704,0.0044116912991739865,0.001127631211487401,0.0022430279215438775,0.8785
202000,0.01910810971457977,4.179927091796376e-05,0.0033370144523935386,0.0071494158270070385,9.965533975719865e-05,0.0004957273027713371,0.889
202500,0.051352020309423096,6.331431027661871e-05,0.0030683810637054387,0.003014721345971333,0.00015094859524511506,0.0027615848236340335,0.89
203000,0.04519340899423696,0.0002332203473411898,0.012242828165749065,0.005945339938625699,0.0005559416895741798,0.0020275552081297776,0.8935
203500,0.013225845279521309,0.000313645048358957,0.023832866479925302,0.02197298753308133,0.000747450593078014,0.00027065527065525674,0.8925
204000,0.006025258873705752,0.0004021319406590784,0.02885583884167453,0.0011497823987156042,0.0009579816651457129,0.0033994334277620553,0.8955
204500,0.03034810456301784,0.0005082356515843101,0.03738074305623393,0.008741460456803907,0.001210196999766655,0.0034093122930060615,0.893
205000,0.002137899362423923,0.0007086117359046407,0.03735632183908047,0.0019565234775655027,0.0016863008366709842,0.0034482758620689724,0.897
205500,0.0016073430524556898,0.0007869329228851196,0.019805607111458456,0.006760689710790746,0.0018712838898364836,0.0029614111933725373,0.885
206000,0.0032954356793197803,0.0009670486096317044,0.006403694622324874,0.003456433519022556,0.0022975734380938917,0.003085901027077509,0.894
206500,0.011897229902388062,0.0009847281873853753,0.03570267886159989,0.0022820393132860772,0.002337295614337709,0.009825802513577397,0.896
207000,0.008579811357776634,0.0013141883257729026,0.031110419422613028,0.0020716193277621753,0.003115700398597099,0.003872429982192005,0.882
207500,0.06975705231161555,0.004094219625550122,0.00721830985915492,0.015595449917600479,0.00972015451909547,0.002155172413793094,0.8765
208000,0.029700810395297594,0.0001420943317451684,0.009657434402332354,0.00933381922804985,0.00033806358136745374,0.00012553787196789568,0.8785
208500,0.03239764385216404,6.758069943479939e-05,0.01986517079201716,0.0021952033217530476,0.00016080140770036166,0.0025667573619705675,0.8805
209000,0.005441381814307533,9.413261837387665e-05,0.03491703871526619,0.0009040337041369695,0.000223976027505568,0.0027238853912373295,0.881
209500,0.00432025060581509,0.0002062197623259321,0.011122345803842248,0.0017559458545292894,0.0004905987760870367,0.0012737293325168486,0.889
210000,0.0005998669075779617,0.00028469817400755826,0.007390072669047926,0.012075491226278268,0.0006771334361581616,0.0012393767705382586,0.8895
210500,0.035420085572695825,0.0004245364120231132,0.007390072669047926,0.013219346261757886,0.001009370287170519,0.0007859044238813506,0.89
211000,0.06015265377936885,0.00046354070513687784,0.016609672691744015,0.005290713264548691,0.0011016169392701336,0.008080873120633575,0.8905
211500,0.046647447285067756,0.0006532377242614018,0.041591656837792534,0.005127052555326361,0.0015515703932273972,0.007220865989978148,0.8985
212000,0.026244502634654054,0.0006911378984904015,0.0046093133385951,0.009511902961094165,0.0016404878126654587,0.004074534161490673,0.8985
212500,0.11440343362119165,0.0032381294066347044,0.004484014569000411,0.013248810381628562,0.007695835112242477,0.0016997167138810276,0.8715
213000,0.0388836300408002,0.00043593986835321896,0.012023921938936089,0.012556101488007704,0.0010379723145375053,0.0007729468599033673,0.888
213500,0.006033617159118876,6.158889200968964e-05,0.017689644318539505,0.0017322941639577039,0.00014667956251335212,0.00763281026196011,0.8945
214000,0.025753608540981077,1.2339550115814113e-05,0.020441668812773622,0.005911061912775045,2.9388487492898463e-05,0.0034028126569563,0.899
214500,0.0024830619076965377,0.00017139849940117635,0.03743883595158384,0.010663350058166543,0.00040817370801304875,0.0031630918656414264,0.901
215000,0.0178093223948963,0.0003067939511072204,0.021529745042492943,0.015779201145051047,0.0007304339775142665,0.002039660056657233,0.9025
215500,0.010617990701575764,0.00037560772923350694,0.0028169014084507005,0.005878876996575855,0.000893964996524943,0.005007824726134563,0.901
216000,0.0109240937163122,0.00045730659465892387,0.018471613997711744,0.009270419171662075,0.0010879591624926022,0.005164218661969061,0.906
216500,0.01249353120510932,0.0006082121545420982,0.02245810604943732,0.001620991222443996,0.001446201651410739,0.0034157363104731775,0.903
217000,0.013667457053088583,0.0006563474398914027,0.00888627527851285,0.0016091125697130226,0.0015596708643639268,0.002294775824141032,0.9065
217500,2.730976702659973,0.0004769441343921432,0.015112045697068616,0.5513663175806869,0.0011327148155548805,0.0010112359550561723,0.852
218000,2.745053726815968,0.0036874031532231344,0.03595996986274447,0.0002319740771781209,0.00877144361343385,0.006744138299182856,0.8705
218500,0.03737740762881003,7.68322326250015e-05,0.004573257874578407,0.009892274346202656,0.00018310957466960431,0.009523809523809518,0.885
219000,0.0220135531417327,0.00014714788139635893,0.03145873734109028,0.002990857476834141,0.0003506762434315469,0.001259559154295986,0.8865
219500,0.001327669044258073,0.0001891233567502537,0.02433724467622772,8.167742635123432e-06,0.0004506345433159531,0.0018306347252469712,0.888
220000,0.013735498054302298,0.00032759774111335016,0.012046505112760897,0.5489506078854902,0.0007803833720188003,0.0024437428421085206,0.8915
220500,0.0057330762429046445,0.00039464493301255565,0.002496556473829209,0.0012067527262843436,0.0009397596794213925,0.004248939835674537,0.8915
221000,0.003644829099357594,0.0005907975160119872,0.0014399128268991201,0.0069976946193492096,0.001406160695534009,0.0036222708261386682,0.89
221500,0.0010948061317321844,0.0005649174130321066,0.019078872057083973,0.0023760227646562326,0.0013437865647261127,0.006485251053496177,0.893
222000,0.028430094913346693,0.000773363069760058,0.002935443906981139,0.0077965079384739455,0.0018383921784392854,0.0010307133368543941,0.8935
222500,0.018205765773018356,0.0009143132125033482,0.02001779722591862,0.0014082551730098258,0.0021716171356502834,0.00744357380459032,0.8905
223000,0.025260900703869993,0.0010544132045762211,0.03978270230878797,0.007607050562364742,0.0025019095318534745,0.0010122779519331215,0.895
223500,0.04657015737393522,0.0028282300197289834,0.009291187739463608,0.0024359467322938033,0.006716774953458682,0.001133942161339413,0.8765
224000,0.015525767317740247,7.488223636553659e-05,0.003526841448189766,0.005322138969495432,0.00017809639723909143,0.001976463960439434,0.881
224500,0.014035224274266511,0.00010427949463920339,0.00578868955242412,0.008201113097311474,0.00024800981151962276,0.00023163726855837674,0.889
225000,0.010622384390444495,0.0001771531202225951,0.016911859180264666,0.002435483064618882,0.00042126719265223045,0.0008528248776891456,0.89
225500,0.0045695492008235306,0.0003021190245262595,0.048093487046975414,0.0065737533652281965,0.0007182619078838215,0.0025149818253266676,0.9
226000,0.03153014321287628,0.00044252128280786174,0.0057611414952135065,0.009046306752134137,0.0010516645359883725,0.0032209910741766434,0.899
226500,0.009618228606996126,0.0005680617007729483,0.000682484242643222,0.014075105937081389,0.0013493329726692593,0.004062856212343285,0.8975
227000,0.006268752891628537,0.0007216370948186501,0.00044406765976343077,0.010014310503902363,0.0017130199537715995,0.005309407654780801,0.9035
227500,0.003524054518493358,0.0007681893081112889,0.0021764376263836427,0.007185022722114812,0.0018221675998200126,0.008256491965556972,0.9035
228000,0.011350418386427918,0.0009416224381689764,0.020650421445696565,0.004001029204664525,0.002231647441225615,0.005492289732977412,0.9055
228500,0.04335957075454644,0.002246085638932027,0.021763442966881374,0.01097691358882004,0.005326702394896188,1.2627159441558344e-05,0.8695
229000,0.004366558947367594,0.00030235303990633344,0.025136345136345162,0.012027247520745715,0.0007179591891639525,0.005151138716356113,0.8865
229500,0.016523518337635323,3.7525392352355524e-05,0.026199761241543995,0.007468793274892971,8.912190535292908e-05,0.0,0.8905
230000,0.000678162177791819,7.786741793192054e-05,0.025069637883008367,0.006899614806752635,0.0001849295167386522,0.004578640051324939,0.8915
230500,0.006330250689643435,0.0002671756655191482,0.004115677130606232,0.003363480991538381,0.0006344135304745535,0.0012716911883068893,0.893
231000,0.0015111169777810574,0.000284840359896954,0.012225485188968349,0.00500620976381469,0.0006761720177066444,0.00806947681947684,0.892
231500,0.031092120188986883,0.00036857878446161507,0.017045454545454558,0.010351322012138536,0.0008746697655563906,0.00036688311688315434,0.8975
232000,0.03646340921841329,0.0005470867047490113,0.0018344155844156051,0.0002460634990711641,0.0012976904562354008,0.00523995224830881,0.9
232500,0.010341806846554391,0.0005792260158938856,0.02728694936187731,0.001957930305798078,0.001373151434154618,0.005683414544082582,0.898
233000,0.0044375591751304455,0.0008027741015912415,0.025781485986725555,0.0015793920028954744,0.0019017947149970738,0.00029601807938375857,0.896
233500,0.01927359024557518,0.0010328389105326297,0.02158482845451684,0.005736333447566716,0.0024445801626926666,0.007058080808080819,0.8995
234000,0.02273905183392344,0.0010252436728445113,0.014123630672926435,0.005029900957015332,0.002424107542500664,0.0008242637644046147,0.895
234500,0.04127655507181771,0.0013961123061126957,0.018753187649574343,0.005992530127696238,0.0033016093794824286,0.0025594906486271496,0.873
235000,0.011636858980637044,0.0003794582517893108,0.027203891874926445,0.00573351970087968,0.0008981623863881794,0.008338677598733607,0.8905
235500,0.010055825230665505,6.920139792232494e-05,0.012874944189633475,0.008632196582038898,0.00016383366714656233,0.0006073915634618177,0.893
236000,0.010629259559209459,1.768841666616172e-05,0.01790684499618217,0.01036106271931203,4.187824086088199e-05,0.0001282051282051333,0.901
236500,0.01857394154649228,9.515760809686302e-05,0.016025641025641024,0.002098464043228887,0.00022527784521475525,0.0005086071987480401,0.902
237000,0.017802548594772816,0.0002265043793021615,0.011541471048513302,0.009717356690089218,0.0005361443361318052,0.0009337361214641626,0.9035
237500,0.003327642749354709,0.00030062577904577115,0.03269046094750319,0.008055513443832762,0.0007114049361067742,0.0020310499359794953,0.906
238000,0.026282027996785473,0.00047175860553916316,0.018088726245505893,0.004810272890608758,0.0011159449401354493,0.000988293524805034,0.9055
238500,0.044479831820353866,0.002872282250112268,0.004638546481766814,0.006211545385303913,0.006802545621745537,0.0035207847707847684,0.8785
239000,0.05005484104913194,0.0002526310438771828,0.01975939563230067,8.46345152240302e-05,0.0005992519879503,0.004267535692116686,0.891
239500,0.004299963024095632,3.328385721146354e-06,0.05041385095035372,0.004335867808549665,7.896062027779038e-06,0.008123528707656702,0.897
240000,0.015476694738026708,9.985023758818379e-05,0.0034170387797890778,0.008096735306025948,0.00023686647601950384,0.0009020287621982759,0.9
240500,0.024536248893127777,0.00027431937253374894,0.04050040355125101,0.0020669200719566905,0.0006506234710883518,0.0035803066989507915,0.901
241000,0.028866135573480278,0.000368091044544383,0.03889666529435984,0.01673611355072352,0.0008727482817247889,0.005126735656274556,0.904
241500,0.016089974909846205,0.0004696711460855374,0.03421988955613159,0.003507150358927902,0.0011131295582442746,0.0022346368715083775,0.9065
242000,0.007549628178821877,0.0005712881913857437,0.013452949689547328,0.002857217327982664,0.001353259368931159,0.0051575433806529125,0.913
242500,0.007813787742634304,0.0007456758326902513,0.012234420230487736,0.007515313824114855,0.0017651836339180882,0.0020272515785975387,0.91
243000,0.01450303149249521,0.0008862468725997497,0.007507002801120433,0.000292542253009731,0.0020962360071759,0.004571428571428587,0.9105
243500,0.026523286422161618,0.003421150241583737,0.0107936507936508,0.011370426652138138,0.008102298752497017,0.00536663464617354,0.8825
244000,0.030712502251844853,0.0002780089439903266,0.007257546563904954,0.002009931219799893,0.0006596262432307931,2.5833952271764327e-05,0.8895
244500,0.018559297648607753,0.00012453177958893225,0.030629194073483496,0.004211865113757096,0.0002955335301284556,0.00346108282905902,0.8975
245000,0.005052478561992757,7.130887302098099e-05,0.022988505747126436,0.006785118374682486,0.0001692316921459991,0.00358350236646382,0.9005
245500,0.03899396023189183,0.00016792265979992393,0.025862068965517238,0.003914279970194889,0.00039846986319158617,0.003090311986863714,0.9015
246000,0.01037549324973952,0.0003086980137549933,0.02525203878507673,0.007143838604679348,0.000732346340191814,0.0001986343885785058,0.899
246500,0.00575069771730341,0.00044268676831416,0.026708502334124112,0.002151477697771048,0.001049822949730661,0.006991844168184325,0.904
247000,0.00862311835953733,0.0004667128129490772,0.0040177546491161065,0.004138713555585122,0.0011062970948163553,0.0016695562833108912,0.905
247500,0.007040806362056173,0.0006237903636261422,0.03862885936497504,0.0037410479955724274,0.0014778280747052008,0.0014585144402589068,0.9075
248000,0.03833853971809731,0.0007685331377009774,0.02683938905074923,0.003609963892813539,0.0018194725753040153,0.0012630504232124529,0.9035
248500,2.991824918830389,0.000598338331456505,0.006279164961113387,0.5926799212233163,0.001415575133773217,0.0025315243415802158,0.827
249000,2.9253702924470417,0.0019246335980730445,0.0067694805194805086,0.008756002277368724,0.004556403995081837,0.004164072229140725,0.8845
249500,0.015670080407289788,4.151636567917283e-05,0.0005931568431568335,0.0038973625240031895,9.838306915455064e-05,0.005086254527595313,0.893
250000,0.0013365031918510795,0.00015813935736996854,0.02510639649367974,0.0022219006132218055,0.0003747276018808421,0.0023817619533362255,0.8915
250500,0.013666969229234383,0.0003210879766007979,0.04222389438040838,0.00715621471099448,0.0007606689622825513,0.000695139112595583,0.898
251000,0.019772422754613217,0.0004170392339488682,0.03548575753405808,0.5951632536060061,0.0009876163835498275,0.005146179401993356,0.897
251500,0.022862482917844318,0.0005278634733139054,0.013279598308668095,0.00551669853302883,0.0012494756634056081,0.0011363636363636576,0.898
252000,0.0044981930404901505,0.0006553509328410811,0.015135464817668226,0.0032823210596689134,0.0015503265460399263,0.004044825231265897,0.899
252500,0.019488031131913885,0.0008836953721950147,0.018494374426577836,0.006912626647681441,0.002088899995056792,0.004675328952785607,0.903
253000,0.012666144386457745,0.00105427230816324,0.005540602225685115,0.0016460039245430602,0.0024897001714800915,0.004877570368433115,0.901
253500,0.007553641207778128,0.00121912491256837,0.01867184198582006,0.0007977523848239909,0.0028757345869672157,0.005953949535542541,0.8975
254000,0.0833244866989844,0.0037532340876824666,0.012610279239174432,0.012890153141051991,0.00886455113477247,0.0007759740259740133,0.8775
254500,0.024565507745137438,0.00026600070350246696,0.0028571428571428636,0.00887669020012255,0.0006295154522573121,0.003231638418079108,0.8905
255000,0.03946272919711191,4.148248719637593e-05,0.006704545454545435,0.004881750587082928,9.818726554255974e-05,0.0018081455581455685,0.892
255500,0.011561914943740703,0.0001241842162402751,0.008023226773226755,0.004660904698539525,0.0002939265519921186,0.0009046202416368165,0.8935
256000,0.039974724655621685,0.00023084461868161377,0.00583121613762283,0.0018233119910291973,0.0005462797241841955,0.003995991383051761,0.895
256500,0.007485720641852822,0.0003487725728472668,0.007420238290302167,0.016991065202455496,0.0008251098858398365,0.002957983193277308,0.9
257000,0.001567725594213698,0.0004326740658366912,0.01426895544542603,0.012391508772270743,0.0010232002612085012,0.0004672364672364815,0.899
257500,0.0076866780073032714,0.0005579969289541964,0.009864374766881734,0.006036298534309037,0.0013189139663376537,0.0037810205115218765,0.902
258000,0.010384082444943488,0.0007008531634281612,0.03400846670758384,0.006271865034068458,0.001655534912743839,0.004625318184640181,0.893
258500,0.007568718458060175,0.0008388348626239273,0.019093228164076548,0.003236823588667892,0.001979946441168945,0.0003595706756996664,0.908
259000,0.9393001507633016,0.0017205171813950981,0.00017947017283759248,0.18959970961295766,0.004062819051851907,0.0018795123683275905,0.844
259500,0.8674084761005361,0.0008269406532286361,0.005148404551603425,0.016431559511693228,0.0019552213977371835,0.0020039596310782726,0.888
260000,0.04634503182023764,9.610605012966289e-05,0.007393760746745276,0.008699888749106321,0.0002273383753386149,0.0024980824351055475,0.8975
260500,0.009622051016776823,4.430011946821022e-05,0.0027438527927047818,0.004698662056762226,0.00010479442288735541,0.003754840347870214,0.8985
261000,0.006005927541991696,0.0001708960104231938,0.0063670411985018716,0.0019837328567519075,0.0004042206241607893,0.0012096029547553067,0.8995
261500,0.019188908117939718,0.00028854160495916936,0.005707762557077639,0.1897140789194964,0.0006823311882659944,0.0023152614316033215,0.906
262000,0.00031091512937564403,0.0004114153320680103,0.03471581018693712,0.016170200673514046,0.0009725574381245217,0.010288104379311436,0.9045
262500,0.012945451991981827,0.0004516241424331602,0.03939936417790674,0.0043121039110701476,0.0010671476964199123,0.0009294793943810109,0.898
263000,0.00027027431497117504,0.0006403831055663556,0.017226622679385628,0.0023336388447205425,0.0015123423875782471,0.0019670745829551417,0.9035
263500,0.03073372553626541,0.0007514687140200982,0.02827137963051901,0.007279198443575302,0.0017734499196797593,0.002413793103448275,0.9065
264000,0.10487322790868348,0.002784347840809054,0.01126632151346424,0.017533228761749342,0.006577685102338915,0.0009810237106600839,0.8885
264500,0.053569546216749586,0.00015118532636348991,0.010230219845988098,0.006757136492524296,0.0003576815457377869,0.005878141778849905,0.897
265000,0.009630240296246484,6.79205902822666e-05,0.01304751586441727,0.002241998034878623,0.00016069650223915488,0.0006077721161520111,0.903
265500,0.008635906284325756,0.000137389568424795,0.002062407506533581,0.003915124428749556,0.0003250230409732602,0.0032500339210318197,0.9075
266000,0.017150490326457657,0.00034011653395904506,0.0015629070070330708,0.00663177147071109,0.0008044229404786662,0.00271682340647858,0.911
266500,0.025147906366328243,0.00040732793681264035,0.0025393600812595174,0.01937245538429122,0.0009630272928022876,4.4312912466176746e-05,0.9095
267000,0.04718564866197994,0.0006590057350541745,0.005166790454354642,0.0007785835914546624,0.0015572274318875756,0.0030350891476023656,0.91
267500,0.024105367469019257,0.0006904155544072976,0.001090938695758381,0.002116441843099892,0.0016303483046562484,0.00020739823556722992,0.9095
268000,0.003305310267023742,0.0008912857015540565,0.010729545814211094,0.004504685153369797,0.002103019560969699,0.001526029425968245,0.9105
268500,0.008581190013501327,0.0010661429608256334,0.010121908520864503,0.0006416509146220106,0.0025131405209903868,0.0038629925315477875,0.914
269000,0.020167624279565644,0.0012455691564285942,0.03589097923375545,0.0016377073319745195,0.0029326970329903723,0.0038230753314552335,0.91
269500,0.09369554968725424,0.002746300806593105,0.011396011396011402,0.010939687537029369,0.006471030502837483,0.0005105149613820192,0.8845
270000,0.04570015883655287,0.00023513536196018148,0.001522742902053259,0.006620729263522668,0.0005548691319914312,0.00042415412012303255,0.895
270500,0.0012603705254150555,6.187868823570586e-05,0.004750514915952436,0.007029717211844394,0.000146042147698644,0.0035201662661557553,0.8965
271000,0.04602147663536016,0.0001568562864452394,0.015515667782172199,0.003890816117927881,0.0003701846596215752,0.008647681526763096,0.8995
271500,0.02736772526986897,0.0002521428424385741,0.023408379305203536,0.005616253791959014,0.0005949415777521949,0.0032121901810287234,0.905
272000,0.018479920778190717,0.00038958352755114056,0.014164305949008499,0.016818840301129956,0.0009189437209453644,0.0037658490916281373,0.908
272500,0.01694029835925903,0.00045545002240532373,0.03939805793446757,0.0042907488619675915,0.0010738547958109024,0.004418311075676029,0.9065
273000,0.02037966312491335,0.0006954363185762702,0.03304238368915316,0.008114607381867256,0.0016387484505107075,0.0031402686453450845,0.9085
273500,0.006657194790022913,0.0007276186021645259,0.0065030521988289625,0.002421126903209392,0.0017133642796780535,0.004942791762013732,0.907
274000,0.01000983741687378,0.000852838918334542,0.001817735200196513,0.00505438563413918,0.0020066412565391545,0.00010243113906630019,0.903
274500,0.12397027149563655,0.0024792295835879274,0.0053201506591337155,0.023435652820626263,0.005838116219520906,0.001871262197041229,0.876
275000,0.0638996122579556,0.0003919621025995079,0.008333333333333331,0.007267670697183343,0.0009243223031289993,0.007675016056518935,0.8885
275500,0.015515730003244244,1.9934934905596613e-05,0.0033271432992881544,0.00824045732151718,4.7020107213580076e-05,0.0017319679785459674,0.889
276000,0.03645155078265816,0.00013098153119939226,0.004836805135036953,0.00038129179301904514,0.0003089262005619986,0.0020652173913043304,0.8935
276500,0.028462578615290113,0.00024321478613387182,0.0003425283156741066,0.007313191413413717,0.0005735263808630542,0.0024972700944784765,0.8965
277000,0.042039808380650356,0.000352042861376467,0.008503104505897308,0.025888824561843632,0.0008299075392703692,0.003133860863831217,0.899
277500,0.0005730363554903306,0.0004424680544203863,0.009999593512458854,0.012994294839154458,0.0010426620431140954,0.0005327245053272645,0.909
278000,0.011412447616748977,0.000636713160322322,0.0037466338836201762,0.007608659315155836,0.0014995851538053273,0.001947479941908914,0.902
278500,0.01978359756321879,0.0007305984146952493,0.004418368825148483,0.0036383703540195655,0.001719527499323359,0.0018637926799312254,0.905
279000,0.008374656463274732,0.0007797639986713012,0.01549987718005405,0.0037290766616933924,0.0018338576046841304,0.005032273779076862,0.8985
279500,0.004809188962099142,0.0009770683870596875,0.02561625170320822,0.0037170472220168504,0.0022958626738303067,0.0016096443396146354,0.904
280000,0.08853596829430899,0.0024737947713521224,0.00802219223271855,0.02130963360978058,0.005817142680173415,0.00199471280942079,0.8875
280500,0.07005543568811845,0.0001388724635714711,0.005788968097477115,0.005016056948807079,0.0003269861906360916,0.001586245966649441,0.9
281000,0.013562540319981053,6.743347273685529e-06,0.017291066282420747,0.0037718455001595486,1.587879306397255e-05,0.000988293524805034,0.9005
281500,0.018633465937455185,0.00019350175551491322,0.0003029211422583278,0.0017200836053234414,0.0004555996591659728,0.0021722661396574305,0.9045
282000,0.01421431713970378,0.00028807546593812017,0.007379639591178072,0.0001609420301974529,0.000678110051233638,0.004426912119219806,0.903
282500,0.01951418117096182,0.0004253503306778095,0.027249629111743945,0.013965299454866908,0.0010008886555712415,0.0005814247434147157,0.9035
283000,0.032142055708391126,0.0005730660996763337,0.010645015056827384,0.00638262345892146,0.0013478045229100566,0.0015526341352848083,0.9025
283500,0.030341728044732008,0.000710782621002326,0.027185298038468864,0.003026785913971236,0.0016706297499253786,0.003531480486494404,0.904
284000,0.04016263713128865,0.002576307666195765,0.047554479418886214,0.008732434699777497,0.006061028703917781,0.005918831168831157,0.888
284500,0.01438876187603455,0.00023285292348662612,0.03859975718332659,0.00869754575251136,0.0005485802804505724,0.0003251923495985187,0.8965
285000,0.04652746296778787,1.1752423202393558e-05,0.0317574352401401,0.004510783075238584,2.769069968477922e-05,0.0005763688760807018,0.9085
285500,0.01839597983052954,0.0001444594935039456,0.016133538761206073,0.005596824032545578,0.00034034445150288306,0.0005213358647950528,0.905
286000,0.004010163560451474,0.00032028122997607156,0.0012380259675946748,0.0012735542884911577,0.0007544025696315515,0.0046681185493797905,0.903
286500,0.017056193471944425,0.0004656984877100534,0.013382571094908952,0.005894843020359974,0.0010964929096966003,0.002166263115415651,0.905
287000,0.06567295614513569,0.0005696368088872195,0.014641521445054512,0.010117500583874062,0.0013405228669944869,0.002625384032238748,0.9085
287500,0.0919211478321813,0.0006775535947988187,0.004576478478715423,0.0010387636109953635,0.0015934887955362242,0.0028108073200461547,0.9045
288000,0.0060142260263091885,0.0008175138303587737,0.00034724633655114356,0.0038432775603723657,0.0019212143549771632,0.0003464511648847979,0.907
288500,0.019802039150818018,0.0009915366737964781,0.031258459529610344,0.007001652678445686,0.002328073416105969,0.00565763554751833,0.8925
289000,0.07238645734105376,0.0031396393859717264,0.052141779533164956,0.004064400095376203,0.007379624659828554,0.002094206140132865,0.8905
289500,0.05059482136857696,0.00013573413720335825,0.036291372921375714,0.01918915540736635,0.00031956164774804563,0.0022357641551313534,0.9025
290000,0.01416468370007351,5.2103918499968316e-05,0.040544818461488524,0.002028010899084609,0.00012267444753089052,0.00495790384142325,0.904
290500,0.029229661507997662,0.00021708075103199498,0.02759063965529554,0.009076788405946001,0.0005110302263338085,0.0004907748223256236,0.9105
291000,0.041636795809608884,0.0003148187388685164,0.0009659036028204504,0.004709837074187817,0.0007409183456057455,0.005567736363032372,0.908
291500,0.031239624062436633,0.0004995755010543945,0.0066996888296183554,0.0035195295815356187,0.0011752602981687232,0.003520681777676976,0.908
292000,0.04425199854449602,0.0005972502277986624,0.02203630623520128,0.002250965016719425,0.0014042715136644013,0.0006696684404420838,0.907
292500,0.006122788559878245,0.0007091427424734675,0.022504012841091492,0.006308459468709754,0.0016662675919469905,0.013279434700958048,0.907
293000,0.03694030870246934,0.0009063832462125054,0.01772568771793878,0.004766330029815441,0.00212800259437973,0.004216169226311239,0.9025
293500,0.023468977698939852,0.001016521746470711,0.026265376083887876,0.001132766407681618,0.002384291815693107,0.001230086711030448,0.9125
294000,0.008316149833262898,0.0013038864987787724,0.004764361885104901,0.00904392118682154,0.003054771037025006,0.0010627234319142143,0.9045
294500,0.05648423798265867,0.0032580525891144907,0.007887700534759345,0.011103326118609397,0.007640494529118413,0.004922077922077939,0.8835
295000,0.013033061302849092,0.00020663110376106797,0.012626262626262624,0.009721271570015233,0.0004854128062228291,0.006897627965043701,0.895
295500,0.001431616794434376,5.733222079007394e-05,0.011984126984126986,0.0020468864706345014,0.0001346935247621417,0.0009556650246305143,0.9005
296000,0.007040843309368938,0.00023343654154284188,0.018928571428571433,0.005332513348548673,0.0005483447060381508,0.0005116959064327409,0.899
296500,0.026492190736462362,0.00037367648418440425,0.023234870317002887,0.0016973051679087803,0.0008775032858490128,0.004205797592812338,0.9055
297000,0.013464518342516385,0.0005216553395400725,0.008897898044579022,0.006906638760119682,0.0012244532939456043,0.0075629173086800006,0.906
297500,0.011705616692779586,0.0006739204378289898,0.01606133979015334,0.006641149838105792,0.0015809115829026332,0.0018253968253968411,0.907
298000,0.0006150755943963304,0.0007729484332024139,0.019875776397515532,0.006231811360339623,0.0018119044612099344,0.004546583850931679,0.91
298500,0.004726394341560081,0.0009134161590822476,0.0036292777980757585,0.005768921566777857,0.0021393767825821364,3.501400560224077e-05,0.9095
299000,0.05893876784830354,0.0012215993152706606,0.008187890540831716,0.011317270150175307,0.0028581417756217142,0.0030444099608364916,0.9005
299500,0.018685206494410522,0.004441108923453174,0.022792022792022804,0.004887325182789948,0.01040748634122357,0.009382394128156807,0.8885
300000,0.02304454499972053,4.0767076633030364e-05,0.02776396682213858,0.0026195395214017314,9.574957711899756e-05,0.0006173328056984784,0.8975
