{
  "case_id": "scrna_commitment_tier2p11_moignard15_exporder_leidenfixed_purity",
  "expected_sign": 1,
  "coherence_threshold_rho": 0.2,
  "c1_name": "C_dim_collapse",
  "c2_name": "C_label_purity",
  "n_windows": 3,
  "rho_across_windows": -1.0,
  "p_value_across_windows": 0.0,
  "window_metric_note": "Window entries record per-window estimator values; coherence is assessed across windows.",
  "controllability_note": "Not an alarm case; FPR fields are not applicable.",
  "pass_gate": false,
  "verdict": "ESTIMATOR_UNSTABLE",
  "windows": [
    {
      "window_id": 0,
      "n_cells": 2360,
      "t_min": 0.0,
      "t_max": 3.0,
      "c1": 0.2117490290768016,
      "c2": 0.15974576271186441,
      "valid": true
    },
    {
      "window_id": 1,
      "n_cells": 2360,
      "t_min": 1.0,
      "t_max": 4.0,
      "c1": 0.21367077538046722,
      "c2": 0.1521186440677966,
      "valid": true
    },
    {
      "window_id": 2,
      "n_cells": 2360,
      "t_min": 2.0,
      "t_max": 4.0,
      "c1": 0.20281785032882702,
      "c2": 0.17796610169491525,
      "valid": true
    }
  ]
}