{
  "case_id": "scrna_commitment_tier2p11_realdata_paul15",
  "expected_sign": 1,
  "coherence_threshold_rho": 0.2,
  "c1_name": "C_dim_collapse",
  "c2_name": "C_mixing",
  "n_windows": 17,
  "rho_across_windows": 0.04901960784313726,
  "p_value_across_windows": 0.8517943990009383,
  "controllability_note": "Not an alarm case; FPR fields are not applicable.",
  "pass_gate": false,
  "verdict": "ESTIMATOR_UNSTABLE",
  "windows": [
    {
      "window_id": 0,
      "n_cells": 546,
      "t_min": 0.0,
      "t_max": 0.15190282464027405,
      "rho": NaN,
      "p_value": NaN,
      "pass_gate": true
    },
    {
      "window_id": 1,
      "n_cells": 546,
      "t_min": 0.0526394359767437,
      "t_max": 0.15914477407932281,
      "rho": NaN,
      "p_value": NaN,
      "pass_gate": true
    },
    {
      "window_id": 2,
      "n_cells": 546,
      "t_min": 0.09693457186222076,
      "t_max": 0.16767659783363342,
      "rho": NaN,
      "p_value": NaN,
      "pass_gate": true
    },
    {
      "window_id": 3,
      "n_cells": 546,
      "t_min": 0.14115817844867706,
      "t_max": 0.1889427900314331,
      "rho": NaN,
      "p_value": NaN,
      "pass_gate": true
    },
    {
      "window_id": 4,
      "n_cells": 546,
      "t_min": 0.15198685228824615,
      "t_max": 0.2380363941192627,
      "rho": NaN,
      "p_value": NaN,
      "pass_gate": true
    },
    {
      "window_id": 5,
      "n_cells": 546,
      "t_min": 0.15920071303844452,
      "t_max": 0.30478742718696594,
      "rho": NaN,
      "p_value": NaN,
      "pass_gate": true
    },
    {
      "window_id": 6,
      "n_cells": 546,
      "t_min": 0.16793110966682434,
      "t_max": 0.41094785928726196,
      "rho": NaN,
      "p_value": NaN,
      "pass_gate": true
    },
    {
      "window_id": 7,
      "n_cells": 545,
      "t_min": 0.18908198177814484,
      "t_max": 0.4411952495574951,
      "rho": NaN,
      "p_value": NaN,
      "pass_gate": true
    },
    {
      "window_id": 8,
      "n_cells": 546,
      "t_min": 0.23835979402065277,
      "t_max": 0.49511462450027466,
      "rho": NaN,
      "p_value": NaN,
      "pass_gate": true
    },
    {
      "window_id": 9,
      "n_cells": 545,
      "t_min": 0.3048468232154846,
      "t_max": 0.6584270000457764,
      "rho": NaN,
      "p_value": NaN,
      "pass_gate": true
    },
    {
      "window_id": 10,
      "n_cells": 546,
      "t_min": 0.41147732734680176,
      "t_max": 0.7591385841369629,
      "rho": NaN,
      "p_value": NaN,
      "pass_gate": true
    },
    {
      "window_id": 11,
      "n_cells": 546,
      "t_min": 0.44180572032928467,
      "t_max": 0.8027818202972412,
      "rho": NaN,
      "p_value": NaN,
      "pass_gate": true
    },
    {
      "window_id": 12,
      "n_cells": 546,
      "t_min": 0.49656981229782104,
      "t_max": 0.837397575378418,
      "rho": NaN,
      "p_value": NaN,
      "pass_gate": true
    },
    {
      "window_id": 13,
      "n_cells": 546,
      "t_min": 0.6586531400680542,
      "t_max": 0.8640717267990112,
      "rho": NaN,
      "p_value": NaN,
      "pass_gate": true
    },
    {
      "window_id": 14,
      "n_cells": 546,
      "t_min": 0.7596556544303894,
      "t_max": 0.8841772675514221,
      "rho": NaN,
      "p_value": NaN,
      "pass_gate": true
    },
    {
      "window_id": 15,
      "n_cells": 546,
      "t_min": 0.8028112053871155,
      "t_max": 0.9062313437461853,
      "rho": NaN,
      "p_value": NaN,
      "pass_gate": true
    },
    {
      "window_id": 16,
      "n_cells": 546,
      "t_min": 0.8377178311347961,
      "t_max": 1.0,
      "rho": NaN,
      "p_value": NaN,
      "pass_gate": true
    }
  ]
}