{
  "case_id": "scrna_commitment_tier2p11_endocrinogenesis_day15",
  "expected_sign": 1,
  "coherence_threshold_rho": 0.2,
  "c1_name": "C_dim_collapse",
  "c2_name": "C_mixing",
  "n_windows": 17,
  "rho_across_windows": -0.15441176470588236,
  "p_value_across_windows": 0.5540319990921863,
  "window_metric_note": "Window entries record per-window estimator values; coherence is assessed across windows.",
  "controllability_note": "Not an alarm case; FPR fields are not applicable.",
  "pass_gate": false,
  "verdict": "ESTIMATOR_UNSTABLE",
  "windows": [
    {
      "window_id": 0,
      "n_cells": 740,
      "t_min": 0.0,
      "t_max": 0.046964067965745926,
      "c1": 0.08133784520383681,
      "c2": 0.863218781898605,
      "valid": true
    },
    {
      "window_id": 1,
      "n_cells": 739,
      "t_min": 0.02647804282605648,
      "t_max": 0.05771521478891373,
      "c1": 0.08673153525652616,
      "c2": 0.8502534771870531,
      "valid": true
    },
    {
      "window_id": 2,
      "n_cells": 739,
      "t_min": 0.031712986528873444,
      "t_max": 0.07019145041704178,
      "c1": 0.0817587892683381,
      "c2": 0.8265957446808511,
      "valid": true
    },
    {
      "window_id": 3,
      "n_cells": 739,
      "t_min": 0.038469571620225906,
      "t_max": 0.08609016984701157,
      "c1": 0.08152101920993264,
      "c2": 0.8326446280991735,
      "valid": true
    },
    {
      "window_id": 4,
      "n_cells": 740,
      "t_min": 0.046964067965745926,
      "t_max": 0.10109707713127136,
      "c1": 0.10284765392303702,
      "c2": 0.8883422167555008,
      "valid": true
    },
    {
      "window_id": 5,
      "n_cells": 739,
      "t_min": 0.05775608867406845,
      "t_max": 0.12795695662498474,
      "c1": 0.11126650948915486,
      "c2": 0.9396088019559902,
      "valid": true
    },
    {
      "window_id": 6,
      "n_cells": 739,
      "t_min": 0.0702223852276802,
      "t_max": 0.1906355768442154,
      "c1": 0.10438283721167338,
      "c2": 0.9452245561100151,
      "valid": true
    },
    {
      "window_id": 7,
      "n_cells": 739,
      "t_min": 0.0861048772931099,
      "t_max": 0.28840258717536926,
      "c1": 0.1162863140745701,
      "c2": 0.9161051945229298,
      "valid": true
    },
    {
      "window_id": 8,
      "n_cells": 740,
      "t_min": 0.10109707713127136,
      "t_max": 0.3610301613807678,
      "c1": 0.11414243744915434,
      "c2": 0.9235982747997535,
      "valid": true
    },
    {
      "window_id": 9,
      "n_cells": 739,
      "t_min": 0.12796591222286224,
      "t_max": 0.5472686886787415,
      "c1": 0.06448680139962294,
      "c2": 0.9244739117901413,
      "valid": true
    },
    {
      "window_id": 10,
      "n_cells": 739,
      "t_min": 0.19097991287708282,
      "t_max": 0.7346031665802002,
      "c1": 0.1260957010552209,
      "c2": 0.922062926970076,
      "valid": true
    },
    {
      "window_id": 11,
      "n_cells": 739,
      "t_min": 0.28844156861305237,
      "t_max": 0.802975594997406,
      "c1": 0.17613444748682508,
      "c2": 0.8913355182302335,
      "valid": true
    },
    {
      "window_id": 12,
      "n_cells": 740,
      "t_min": 0.3610301613807678,
      "t_max": 0.8447595834732056,
      "c1": 0.16382177632825792,
      "c2": 0.8275048272902811,
      "valid": true
    },
    {
      "window_id": 13,
      "n_cells": 739,
      "t_min": 0.5522972941398621,
      "t_max": 0.8723511099815369,
      "c1": 0.16792608402366666,
      "c2": 0.7767489711934157,
      "valid": true
    },
    {
      "window_id": 14,
      "n_cells": 739,
      "t_min": 0.7351254224777222,
      "t_max": 0.8968198895454407,
      "c1": 0.1740796997743063,
      "c2": 0.7739233038348082,
      "valid": true
    },
    {
      "window_id": 15,
      "n_cells": 739,
      "t_min": 0.8031123876571655,
      "t_max": 0.9214639663696289,
      "c1": 0.11966954640586612,
      "c2": 0.7682142036313491,
      "valid": true
    },
    {
      "window_id": 16,
      "n_cells": 739,
      "t_min": 0.8453781604766846,
      "t_max": 1.0,
      "c1": 0.08809470814892865,
      "c2": 0.7579825096603621,
      "valid": true
    }
  ]
}