{
  "case_id": "afdb_swissprot_tier2p11_confidence_regimes",
  "run_id": "B1_taxon9606_N1000",
  "boundary_mode": "B1_COORD_PLUS_PAE",
  "afdb_release_version": "v6",
  "dataset_scope": "uniprot_reviewed_taxon_9606",
  "paths": {
    "coords_dir": "D:\\FIT Lab\\github\\F-I-T\\experiments\\real_world\\afdb_swissprot_tier2p11_confidence_regimes\\data\\runs\\B1_taxon9606_N1000\\coords",
    "pae_dir": "D:\\FIT Lab\\github\\F-I-T\\experiments\\real_world\\afdb_swissprot_tier2p11_confidence_regimes\\data\\runs\\B1_taxon9606_N1000\\pae",
    "msa_dir": "D:\\FIT Lab\\github\\F-I-T\\experiments\\real_world\\afdb_swissprot_tier2p11_confidence_regimes\\data\\runs\\B1_taxon9606_N1000\\msa"
  },
  "artifact_availability": {
    "pae_available": true,
    "msa_available": false
  },
  "filters": {
    "min_length": 50,
    "max_length": 2500,
    "exclude_fragments_by_name": true
  },
  "selection": {
    "seed_string": "FIT_AFDB_B1_taxon9606_N1000_v1",
    "target_n_valid": 1000,
    "max_draw": 5000,
    "universe_size": 996,
    "selected_n": 988,
    "missing_counts": {
      "coords": 0,
      "pae": 0,
      "msa": 0
    }
  },
  "hashes": {
    "prereg_sha256": "7c38d25ee57a54418cd33e901f3eb769200211d0478d8bf738981fa1e5a3e747",
    "accessions_sha256": "67ae69d144b99f63e6a84d698183ce941f9e1d48ba47b24b66c71357ca16d547"
  }
}