{
  "case_id": "afdb_swissprot_tier2p11_confidence_regimes",
  "run_id": "B1_taxon9606_N1000",
  "timestamp_utc": "2026-02-07T19:55:54.979964Z",
  "git_commit": "UNKNOWN",
  "prereg_sha256": "7c38d25ee57a54418cd33e901f3eb769200211d0478d8bf738981fa1e5a3e747",
  "artifacts": {
    "metrics_per_protein": "D:\\FIT Lab\\github\\F-I-T\\experiments\\real_world\\afdb_swissprot_tier2p11_confidence_regimes\\out\\B1_taxon9606_N1000\\metrics_per_protein.parquet",
    "metrics_per_bin": "D:\\FIT Lab\\github\\F-I-T\\experiments\\real_world\\afdb_swissprot_tier2p11_confidence_regimes\\out\\B1_taxon9606_N1000\\metrics_per_bin.parquet",
    "regime_report": "D:\\FIT Lab\\github\\F-I-T\\experiments\\real_world\\afdb_swissprot_tier2p11_confidence_regimes\\out\\B1_taxon9606_N1000\\regime_report.md",
    "tradeoff_onepage": "D:\\FIT Lab\\github\\F-I-T\\experiments\\real_world\\afdb_swissprot_tier2p11_confidence_regimes\\out\\B1_taxon9606_N1000\\tradeoff_onepage.pdf",
    "boundary_snapshot": "D:\\FIT Lab\\github\\F-I-T\\experiments\\real_world\\afdb_swissprot_tier2p11_confidence_regimes\\out\\B1_taxon9606_N1000\\boundary_snapshot.json",
    "accessions_selected": "D:\\FIT Lab\\github\\F-I-T\\experiments\\real_world\\afdb_swissprot_tier2p11_confidence_regimes\\out\\B1_taxon9606_N1000\\accessions_selected.txt"
  }
}