{
  "case_id": "afdb_swissprot_tier2p11_confidence_regimes",
  "run_id": "B2_taxon9606_N100",
  "timestamp_utc": "2026-02-12T03:48:35.070507Z",
  "git_commit": "UNKNOWN",
  "prereg_sha256": "e592e25b4f844b11e408155e5b865f52afaacee45f8d7e761cb3fecabe1b07f8",
  "artifacts": {
    "metrics_per_protein": "D:\\FIT Lab\\github\\F-I-T\\experiments\\real_world\\afdb_swissprot_tier2p11_confidence_regimes\\out\\B2_taxon9606_N100\\metrics_per_protein.parquet",
    "metrics_per_bin": "D:\\FIT Lab\\github\\F-I-T\\experiments\\real_world\\afdb_swissprot_tier2p11_confidence_regimes\\out\\B2_taxon9606_N100\\metrics_per_bin.parquet",
    "regime_report": "D:\\FIT Lab\\github\\F-I-T\\experiments\\real_world\\afdb_swissprot_tier2p11_confidence_regimes\\out\\B2_taxon9606_N100\\regime_report.md",
    "tradeoff_onepage": "D:\\FIT Lab\\github\\F-I-T\\experiments\\real_world\\afdb_swissprot_tier2p11_confidence_regimes\\out\\B2_taxon9606_N100\\tradeoff_onepage.pdf",
    "boundary_snapshot": "D:\\FIT Lab\\github\\F-I-T\\experiments\\real_world\\afdb_swissprot_tier2p11_confidence_regimes\\out\\B2_taxon9606_N100\\boundary_snapshot.json",
    "accessions_selected": "D:\\FIT Lab\\github\\F-I-T\\experiments\\real_world\\afdb_swissprot_tier2p11_confidence_regimes\\out\\B2_taxon9606_N100\\accessions_selected.txt"
  }
}