{
  "case_id": "afdb_swissprot_tier2p11_confidence_regimes",
  "run_id": "B2_taxon9606_N1000",
  "timestamp_utc": "2026-02-12T15:56:02.797384Z",
  "git_commit": "UNKNOWN",
  "prereg_sha256": "d7bd30dee305a01b4501892ade53f710dd4997736db12b17a0a9d82bc7c1dcbd",
  "artifacts": {
    "metrics_per_protein": "D:\\FIT Lab\\github\\F-I-T\\experiments\\real_world\\afdb_swissprot_tier2p11_confidence_regimes\\out\\B2_taxon9606_N1000\\metrics_per_protein.parquet",
    "metrics_per_bin": "D:\\FIT Lab\\github\\F-I-T\\experiments\\real_world\\afdb_swissprot_tier2p11_confidence_regimes\\out\\B2_taxon9606_N1000\\metrics_per_bin.parquet",
    "regime_report": "D:\\FIT Lab\\github\\F-I-T\\experiments\\real_world\\afdb_swissprot_tier2p11_confidence_regimes\\out\\B2_taxon9606_N1000\\regime_report.md",
    "tradeoff_onepage": "D:\\FIT Lab\\github\\F-I-T\\experiments\\real_world\\afdb_swissprot_tier2p11_confidence_regimes\\out\\B2_taxon9606_N1000\\tradeoff_onepage.pdf",
    "boundary_snapshot": "D:\\FIT Lab\\github\\F-I-T\\experiments\\real_world\\afdb_swissprot_tier2p11_confidence_regimes\\out\\B2_taxon9606_N1000\\boundary_snapshot.json",
    "accessions_selected": "D:\\FIT Lab\\github\\F-I-T\\experiments\\real_world\\afdb_swissprot_tier2p11_confidence_regimes\\out\\B2_taxon9606_N1000\\accessions_selected.txt"
  }
}